country,iso3,year,indicator,indicator_code,value,error
Australia,AUS,2020.0,current_account_pct_gdp,BN.CAB.XOKA.GD.ZS,1.86741781543883,
Australia,AUS,2021.0,current_account_pct_gdp,BN.CAB.XOKA.GD.ZS,2.62544820701792,
Australia,AUS,2022.0,current_account_pct_gdp,BN.CAB.XOKA.GD.ZS,0.374773982764545,
Australia,AUS,2023.0,current_account_pct_gdp,BN.CAB.XOKA.GD.ZS,-0.234060559907305,
Australia,AUS,2024.0,current_account_pct_gdp,BN.CAB.XOKA.GD.ZS,-1.97811216711747,
Australia,AUS,2020.0,gdp_growth_pct,NY.GDP.MKTP.KD.ZG,-0.133531904304775,
Australia,AUS,2021.0,gdp_growth_pct,NY.GDP.MKTP.KD.ZG,2.00694844335034,
Australia,AUS,2022.0,gdp_growth_pct,NY.GDP.MKTP.KD.ZG,4.25304559238732,
Australia,AUS,2023.0,gdp_growth_pct,NY.GDP.MKTP.KD.ZG,3.58382100798981,
Australia,AUS,2024.0,gdp_growth_pct,NY.GDP.MKTP.KD.ZG,1.37340773365975,
Australia,AUS,2020.0,gdp_per_capita_usd,NY.GDP.PCAP.CD,51983.4523666382,
Australia,AUS,2021.0,gdp_per_capita_usd,NY.GDP.PCAP.CD,60758.9044397144,
Australia,AUS,2022.0,gdp_per_capita_usd,NY.GDP.PCAP.CD,65169.5191118657,
Australia,AUS,2023.0,gdp_per_capita_usd,NY.GDP.PCAP.CD,65058.3773146674,
Australia,AUS,2024.0,gdp_per_capita_usd,NY.GDP.PCAP.CD,64603.9856308464,
Australia,AUS,2020.0,gov_debt_pct_gdp,GC.DOD.TOTL.GD.ZS,69.0656538994855,
Australia,AUS,2021.0,gov_debt_pct_gdp,GC.DOD.TOTL.GD.ZS,69.836773674895,
Australia,AUS,2022.0,gov_debt_pct_gdp,GC.DOD.TOTL.GD.ZS,57.8834285733848,
Australia,AUS,2023.0,gov_debt_pct_gdp,GC.DOD.TOTL.GD.ZS,,
Australia,AUS,2024.0,gov_debt_pct_gdp,GC.DOD.TOTL.GD.ZS,,
Australia,AUS,2020.0,inflation_cpi_pct,FP.CPI.TOTL.ZG,0.846905537459305,
Australia,AUS,2021.0,inflation_cpi_pct,FP.CPI.TOTL.ZG,2.86391042204994,
Australia,AUS,2022.0,inflation_cpi_pct,FP.CPI.TOTL.ZG,6.59409671341846,
Australia,AUS,2023.0,inflation_cpi_pct,FP.CPI.TOTL.ZG,5.5970149253731,
Australia,AUS,2024.0,inflation_cpi_pct,FP.CPI.TOTL.ZG,3.1616142830575,
Australia,AUS,2020.0,unemployment_pct,SL.UEM.TOTL.ZS,6.456,
Australia,AUS,2021.0,unemployment_pct,SL.UEM.TOTL.ZS,5.116,
Australia,AUS,2022.0,unemployment_pct,SL.UEM.TOTL.ZS,3.728,
Australia,AUS,2023.0,unemployment_pct,SL.UEM.TOTL.ZS,3.668,
Australia,AUS,2024.0,unemployment_pct,SL.UEM.TOTL.ZS,4.072,
Austria,AUT,2020.0,current_account_pct_gdp,BN.CAB.XOKA.GD.ZS,3.3513779974929,
Austria,AUT,2021.0,current_account_pct_gdp,BN.CAB.XOKA.GD.ZS,1.71590187553909,
Austria,AUT,2022.0,current_account_pct_gdp,BN.CAB.XOKA.GD.ZS,-0.826550284589038,
Austria,AUT,2023.0,current_account_pct_gdp,BN.CAB.XOKA.GD.ZS,1.31277352992302,
Austria,AUT,2024.0,current_account_pct_gdp,BN.CAB.XOKA.GD.ZS,1.53088550116276,
Austria,AUT,,gdp_growth_pct,NY.GDP.MKTP.KD.ZG,,"HTTPSConnectionPool(host='api.worldbank.org', port=443): Read timed out. (read timeout=20)"
Austria,AUT,2020.0,gdp_per_capita_usd,NY.GDP.PCAP.CD,48716.4098900349,
Austria,AUT,2021.0,gdp_per_capita_usd,NY.GDP.PCAP.CD,53648.6437976214,
Austria,AUT,2022.0,gdp_per_capita_usd,NY.GDP.PCAP.CD,52336.7725223758,
Austria,AUT,2023.0,gdp_per_capita_usd,NY.GDP.PCAP.CD,56579.504175468,
Austria,AUT,2024.0,gdp_per_capita_usd,NY.GDP.PCAP.CD,58268.8787651601,
Austria,AUT,2020.0,gov_debt_pct_gdp,GC.DOD.TOTL.GD.ZS,,
Austria,AUT,2021.0,gov_debt_pct_gdp,GC.DOD.TOTL.GD.ZS,,
Austria,AUT,2022.0,gov_debt_pct_gdp,GC.DOD.TOTL.GD.ZS,,
Austria,AUT,2023.0,gov_debt_pct_gdp,GC.DOD.TOTL.GD.ZS,,
Austria,AUT,2024.0,gov_debt_pct_gdp,GC.DOD.TOTL.GD.ZS,,
Austria,AUT,2020.0,inflation_cpi_pct,FP.CPI.TOTL.ZG,1.38191063351862,
Austria,AUT,2021.0,inflation_cpi_pct,FP.CPI.TOTL.ZG,2.7666666666667,
Austria,AUT,2022.0,inflation_cpi_pct,FP.CPI.TOTL.ZG,8.5468699318845,
Austria,AUT,2023.0,inflation_cpi_pct,FP.CPI.TOTL.ZG,7.81413417002832,
Austria,AUT,2024.0,inflation_cpi_pct,FP.CPI.TOTL.ZG,2.93791574279383,
Austria,AUT,2020.0,unemployment_pct,SL.UEM.TOTL.ZS,5.201,
Austria,AUT,2021.0,unemployment_pct,SL.UEM.TOTL.ZS,6.459,
Austria,AUT,2022.0,unemployment_pct,SL.UEM.TOTL.ZS,4.992,
Austria,AUT,2023.0,unemployment_pct,SL.UEM.TOTL.ZS,5.264,
Austria,AUT,2024.0,unemployment_pct,SL.UEM.TOTL.ZS,5.439,
Belgium,BEL,2020.0,current_account_pct_gdp,BN.CAB.XOKA.GD.ZS,0.903941469932536,
Belgium,BEL,2021.0,current_account_pct_gdp,BN.CAB.XOKA.GD.ZS,1.86830945601438,
Belgium,BEL,2022.0,current_account_pct_gdp,BN.CAB.XOKA.GD.ZS,-1.82151513615887,
Belgium,BEL,2023.0,current_account_pct_gdp,BN.CAB.XOKA.GD.ZS,0.18229339540671,
Belgium,BEL,2024.0,current_account_pct_gdp,BN.CAB.XOKA.GD.ZS,-0.378788145846837,
Belgium,BEL,2020.0,gdp_growth_pct,NY.GDP.MKTP.KD.ZG,-4.7929839083518,
Belgium,BEL,2021.0,gdp_growth_pct,NY.GDP.MKTP.KD.ZG,6.25445686466593,
Belgium,BEL,2022.0,gdp_growth_pct,NY.GDP.MKTP.KD.ZG,3.9562379757933,
Belgium,BEL,2023.0,gdp_growth_pct,NY.GDP.MKTP.KD.ZG,1.71412195515242,
Belgium,BEL,2024.0,gdp_growth_pct,NY.GDP.MKTP.KD.ZG,1.07045413019414,
Belgium,BEL,2020.0,gdp_per_capita_usd,NY.GDP.PCAP.CD,45906.2875805246,
Belgium,BEL,2021.0,gdp_per_capita_usd,NY.GDP.PCAP.CD,51658.238294958,
Belgium,BEL,2022.0,gdp_per_capita_usd,NY.GDP.PCAP.CD,50605.7496677086,
Belgium,BEL,2023.0,gdp_per_capita_usd,NY.GDP.PCAP.CD,55291.4754541329,
Belgium,BEL,2024.0,gdp_per_capita_usd,NY.GDP.PCAP.CD,56614.5679499036,
Belgium,BEL,2020.0,gov_debt_pct_gdp,GC.DOD.TOTL.GD.ZS,,
Belgium,BEL,2021.0,gov_debt_pct_gdp,GC.DOD.TOTL.GD.ZS,,
Belgium,BEL,2022.0,gov_debt_pct_gdp,GC.DOD.TOTL.GD.ZS,,
Belgium,BEL,2023.0,gov_debt_pct_gdp,GC.DOD.TOTL.GD.ZS,,
Belgium,BEL,2024.0,gov_debt_pct_gdp,GC.DOD.TOTL.GD.ZS,,
Belgium,BEL,2020.0,inflation_cpi_pct,FP.CPI.TOTL.ZG,0.740791812220344,
Belgium,BEL,2021.0,inflation_cpi_pct,FP.CPI.TOTL.ZG,2.44024851144084,
Belgium,BEL,2022.0,inflation_cpi_pct,FP.CPI.TOTL.ZG,9.597511728725,
Belgium,BEL,2023.0,inflation_cpi_pct,FP.CPI.TOTL.ZG,4.04901077613941,
Belgium,BEL,2024.0,inflation_cpi_pct,FP.CPI.TOTL.ZG,3.14349136500041,
Belgium,BEL,2020.0,unemployment_pct,SL.UEM.TOTL.ZS,5.545,
Belgium,BEL,2021.0,unemployment_pct,SL.UEM.TOTL.ZS,6.248,
Belgium,BEL,2022.0,unemployment_pct,SL.UEM.TOTL.ZS,5.57,
Belgium,BEL,2023.0,unemployment_pct,SL.UEM.TOTL.ZS,5.528,
Belgium,BEL,2024.0,unemployment_pct,SL.UEM.TOTL.ZS,5.488,
Canada,CAN,2020.0,current_account_pct_gdp,BN.CAB.XOKA.GD.ZS,-2.01049352658992,
Canada,CAN,2021.0,current_account_pct_gdp,BN.CAB.XOKA.GD.ZS,-0.0219632282728957,
Canada,CAN,2022.0,current_account_pct_gdp,BN.CAB.XOKA.GD.ZS,-0.288416485092606,
Canada,CAN,2023.0,current_account_pct_gdp,BN.CAB.XOKA.GD.ZS,-0.633319898544557,
Canada,CAN,2024.0,current_account_pct_gdp,BN.CAB.XOKA.GD.ZS,-0.461253819279705,
Canada,CAN,,gdp_growth_pct,NY.GDP.MKTP.KD.ZG,,"HTTPSConnectionPool(host='api.worldbank.org', port=443): Read timed out. (read timeout=20)"
Canada,CAN,2020.0,gdp_per_capita_usd,NY.GDP.PCAP.CD,43537.839298904,
Canada,CAN,2021.0,gdp_per_capita_usd,NY.GDP.PCAP.CD,52886.6616372703,
Canada,CAN,2022.0,gdp_per_capita_usd,NY.GDP.PCAP.CD,56256.8007264015,
Canada,CAN,2023.0,gdp_per_capita_usd,NY.GDP.PCAP.CD,54220.3285039875,
Canada,CAN,2024.0,gdp_per_capita_usd,NY.GDP.PCAP.CD,54340.3477224733,
Canada,CAN,2020.0,gov_debt_pct_gdp,GC.DOD.TOTL.GD.ZS,74.5544073791525,
Canada,CAN,2021.0,gov_debt_pct_gdp,GC.DOD.TOTL.GD.ZS,68.7795713723483,
Canada,CAN,2022.0,gov_debt_pct_gdp,GC.DOD.TOTL.GD.ZS,59.9440184640855,
Canada,CAN,2023.0,gov_debt_pct_gdp,GC.DOD.TOTL.GD.ZS,62.4731322069255,
Canada,CAN,2024.0,gov_debt_pct_gdp,GC.DOD.TOTL.GD.ZS,64.9003074523507,
Canada,CAN,2020.0,inflation_cpi_pct,FP.CPI.TOTL.ZG,0.716999632307827,
Canada,CAN,2021.0,inflation_cpi_pct,FP.CPI.TOTL.ZG,3.39519318527528,
Canada,CAN,2022.0,inflation_cpi_pct,FP.CPI.TOTL.ZG,6.80280115341613,
Canada,CAN,2023.0,inflation_cpi_pct,FP.CPI.TOTL.ZG,3.87900159788426,
Canada,CAN,2024.0,inflation_cpi_pct,FP.CPI.TOTL.ZG,2.38158383281173,
Canada,CAN,2020.0,unemployment_pct,SL.UEM.TOTL.ZS,9.657,
Canada,CAN,2021.0,unemployment_pct,SL.UEM.TOTL.ZS,7.527,
Canada,CAN,2022.0,unemployment_pct,SL.UEM.TOTL.ZS,5.279,
Canada,CAN,2023.0,unemployment_pct,SL.UEM.TOTL.ZS,5.415,
Canada,CAN,2024.0,unemployment_pct,SL.UEM.TOTL.ZS,6.45,
Chile,CHL,2020.0,current_account_pct_gdp,BN.CAB.XOKA.GD.ZS,-1.94941123362021,
Chile,CHL,2021.0,current_account_pct_gdp,BN.CAB.XOKA.GD.ZS,-7.28208296226132,
Chile,CHL,2022.0,current_account_pct_gdp,BN.CAB.XOKA.GD.ZS,-8.84931514465226,
Chile,CHL,2023.0,current_account_pct_gdp,BN.CAB.XOKA.GD.ZS,-3.12862449043213,
Chile,CHL,2024.0,current_account_pct_gdp,BN.CAB.XOKA.GD.ZS,-1.46933081175439,
Chile,CHL,2020.0,gdp_growth_pct,NY.GDP.MKTP.KD.ZG,-6.14347479224092,
Chile,CHL,2021.0,gdp_growth_pct,NY.GDP.MKTP.KD.ZG,11.3149204879049,
Chile,CHL,2022.0,gdp_growth_pct,NY.GDP.MKTP.KD.ZG,2.15399356192458,
Chile,CHL,2023.0,gdp_growth_pct,NY.GDP.MKTP.KD.ZG,0.521367977246825,
Chile,CHL,2024.0,gdp_growth_pct,NY.GDP.MKTP.KD.ZG,2.64431154871538,
Chile,CHL,2020.0,gdp_per_capita_usd,NY.GDP.PCAP.CD,13114.815470545,
Chile,CHL,2021.0,gdp_per_capita_usd,NY.GDP.PCAP.CD,16206.8325493421,
Chile,CHL,2022.0,gdp_per_capita_usd,NY.GDP.PCAP.CD,15405.6165774073,
Chile,CHL,2023.0,gdp_per_capita_usd,NY.GDP.PCAP.CD,17067.0364799154,
Chile,CHL,2024.0,gdp_per_capita_usd,NY.GDP.PCAP.CD,16709.8893972307,
Chile,CHL,2020.0,gov_debt_pct_gdp,GC.DOD.TOTL.GD.ZS,,
Chile,CHL,2021.0,gov_debt_pct_gdp,GC.DOD.TOTL.GD.ZS,,
Chile,CHL,2022.0,gov_debt_pct_gdp,GC.DOD.TOTL.GD.ZS,,
Chile,CHL,2023.0,gov_debt_pct_gdp,GC.DOD.TOTL.GD.ZS,,
Chile,CHL,2024.0,gov_debt_pct_gdp,GC.DOD.TOTL.GD.ZS,,
Chile,CHL,2020.0,inflation_cpi_pct,FP.CPI.TOTL.ZG,3.04549084804326,
Chile,CHL,2021.0,inflation_cpi_pct,FP.CPI.TOTL.ZG,4.52456838259144,
Chile,CHL,2022.0,inflation_cpi_pct,FP.CPI.TOTL.ZG,11.643866711056,
Chile,CHL,2023.0,inflation_cpi_pct,FP.CPI.TOTL.ZG,7.58168251407962,
Chile,CHL,2024.0,inflation_cpi_pct,FP.CPI.TOTL.ZG,4.29763891572524,
Chile,CHL,2020.0,unemployment_pct,SL.UEM.TOTL.ZS,10.934,
Chile,CHL,2021.0,unemployment_pct,SL.UEM.TOTL.ZS,9.281,
Chile,CHL,2022.0,unemployment_pct,SL.UEM.TOTL.ZS,8.249,
Chile,CHL,2023.0,unemployment_pct,SL.UEM.TOTL.ZS,9.013,
Chile,CHL,2024.0,unemployment_pct,SL.UEM.TOTL.ZS,9.056,
Colombia,COL,2020.0,current_account_pct_gdp,BN.CAB.XOKA.GD.ZS,-3.42772945914236,
Colombia,COL,2021.0,current_account_pct_gdp,BN.CAB.XOKA.GD.ZS,-5.6351694946032,
Colombia,COL,2022.0,current_account_pct_gdp,BN.CAB.XOKA.GD.ZS,-6.03319158039541,
Colombia,COL,2023.0,current_account_pct_gdp,BN.CAB.XOKA.GD.ZS,-2.26135796371581,
Colombia,COL,2024.0,current_account_pct_gdp,BN.CAB.XOKA.GD.ZS,-1.64274510323396,
Colombia,COL,2020.0,gdp_growth_pct,NY.GDP.MKTP.KD.ZG,-7.18591413760859,
Colombia,COL,2021.0,gdp_growth_pct,NY.GDP.MKTP.KD.ZG,10.8011981904878,
Colombia,COL,2022.0,gdp_growth_pct,NY.GDP.MKTP.KD.ZG,7.32827729427979,
Colombia,COL,2023.0,gdp_growth_pct,NY.GDP.MKTP.KD.ZG,0.712380031974334,
Colombia,COL,2024.0,gdp_growth_pct,NY.GDP.MKTP.KD.ZG,1.5983315366523,
Colombia,COL,2020.0,gdp_per_capita_usd,NY.GDP.PCAP.CD,5339.68711357943,
Colombia,COL,2021.0,gdp_per_capita_usd,NY.GDP.PCAP.CD,6222.62164397614,
Colombia,COL,2022.0,gdp_per_capita_usd,NY.GDP.PCAP.CD,6680.44506854481,
Colombia,COL,2023.0,gdp_per_capita_usd,NY.GDP.PCAP.CD,7000.83660501046,
Colombia,COL,2024.0,gdp_per_capita_usd,NY.GDP.PCAP.CD,7919.20886825345,
Colombia,COL,2020.0,gov_debt_pct_gdp,GC.DOD.TOTL.GD.ZS,91.1566069420143,
Colombia,COL,2021.0,gov_debt_pct_gdp,GC.DOD.TOTL.GD.ZS,80.4259616026375,
Colombia,COL,2022.0,gov_debt_pct_gdp,GC.DOD.TOTL.GD.ZS,70.2611600056829,
Colombia,COL,2023.0,gov_debt_pct_gdp,GC.DOD.TOTL.GD.ZS,71.3312731846403,
Colombia,COL,2024.0,gov_debt_pct_gdp,GC.DOD.TOTL.GD.ZS,71.483126167997,
Colombia,COL,2020.0,inflation_cpi_pct,FP.CPI.TOTL.ZG,2.52663500084706,
Colombia,COL,2021.0,inflation_cpi_pct,FP.CPI.TOTL.ZG,3.49505757399448,
Colombia,COL,2022.0,inflation_cpi_pct,FP.CPI.TOTL.ZG,10.1772313546166,
Colombia,COL,2023.0,inflation_cpi_pct,FP.CPI.TOTL.ZG,11.7359044948689,
Colombia,COL,2024.0,inflation_cpi_pct,FP.CPI.TOTL.ZG,6.60908593728228,
Colombia,COL,2020.0,unemployment_pct,SL.UEM.TOTL.ZS,15.983,
Colombia,COL,2021.0,unemployment_pct,SL.UEM.TOTL.ZS,13.898,
Colombia,COL,2022.0,unemployment_pct,SL.UEM.TOTL.ZS,10.547,
Colombia,COL,2023.0,unemployment_pct,SL.UEM.TOTL.ZS,9.594,
Colombia,COL,2024.0,unemployment_pct,SL.UEM.TOTL.ZS,9.608,
Costa Rica,CRI,2020.0,current_account_pct_gdp,BN.CAB.XOKA.GD.ZS,-1.0451399398849,
Costa Rica,CRI,2021.0,current_account_pct_gdp,BN.CAB.XOKA.GD.ZS,-3.17593347841434,
Costa Rica,CRI,2022.0,current_account_pct_gdp,BN.CAB.XOKA.GD.ZS,-3.28139915247022,
Costa Rica,CRI,2023.0,current_account_pct_gdp,BN.CAB.XOKA.GD.ZS,-1.4326435676152,
Costa Rica,CRI,2024.0,current_account_pct_gdp,BN.CAB.XOKA.GD.ZS,-1.30974019221641,
Costa Rica,CRI,2020.0,gdp_growth_pct,NY.GDP.MKTP.KD.ZG,-4.27335432161462,
Costa Rica,CRI,2021.0,gdp_growth_pct,NY.GDP.MKTP.KD.ZG,7.93576224743147,
Costa Rica,CRI,2022.0,gdp_growth_pct,NY.GDP.MKTP.KD.ZG,4.55149177958398,
Costa Rica,CRI,2023.0,gdp_growth_pct,NY.GDP.MKTP.KD.ZG,5.11192183224598,
Costa Rica,CRI,2024.0,gdp_growth_pct,NY.GDP.MKTP.KD.ZG,4.32122429646145,
Costa Rica,CRI,2020.0,gdp_per_capita_usd,NY.GDP.PCAP.CD,12394.0493969492,
Costa Rica,CRI,2021.0,gdp_per_capita_usd,NY.GDP.PCAP.CD,12838.1185358931,
Costa Rica,CRI,2022.0,gdp_per_capita_usd,NY.GDP.PCAP.CD,13625.9008491328,
Costa Rica,CRI,2023.0,gdp_per_capita_usd,NY.GDP.PCAP.CD,16942.0268119375,
Costa Rica,CRI,2024.0,gdp_per_capita_usd,NY.GDP.PCAP.CD,18587.1532203482,
Costa Rica,CRI,2020.0,gov_debt_pct_gdp,GC.DOD.TOTL.GD.ZS,,
Costa Rica,CRI,2021.0,gov_debt_pct_gdp,GC.DOD.TOTL.GD.ZS,,
Costa Rica,CRI,2022.0,gov_debt_pct_gdp,GC.DOD.TOTL.GD.ZS,,
Costa Rica,CRI,2023.0,gov_debt_pct_gdp,GC.DOD.TOTL.GD.ZS,,
Costa Rica,CRI,2024.0,gov_debt_pct_gdp,GC.DOD.TOTL.GD.ZS,,
Costa Rica,CRI,2020.0,inflation_cpi_pct,FP.CPI.TOTL.ZG,0.724911478131376,
Costa Rica,CRI,2021.0,inflation_cpi_pct,FP.CPI.TOTL.ZG,1.72647755109241,
Costa Rica,CRI,2022.0,inflation_cpi_pct,FP.CPI.TOTL.ZG,8.27477490232654,
Costa Rica,CRI,2023.0,inflation_cpi_pct,FP.CPI.TOTL.ZG,0.525193508693455,
Costa Rica,CRI,2024.0,inflation_cpi_pct,FP.CPI.TOTL.ZG,-0.412853001047069,
Costa Rica,CRI,2020.0,unemployment_pct,SL.UEM.TOTL.ZS,16.432,
Costa Rica,CRI,2021.0,unemployment_pct,SL.UEM.TOTL.ZS,15.139,
Costa Rica,CRI,2022.0,unemployment_pct,SL.UEM.TOTL.ZS,11.325,
Costa Rica,CRI,2023.0,unemployment_pct,SL.UEM.TOTL.ZS,8.325,
Costa Rica,CRI,2024.0,unemployment_pct,SL.UEM.TOTL.ZS,7.848,
Czechia,CZE,2020.0,current_account_pct_gdp,BN.CAB.XOKA.GD.ZS,1.7852008079583,
Czechia,CZE,2021.0,current_account_pct_gdp,BN.CAB.XOKA.GD.ZS,-2.04624111898244,
Czechia,CZE,2022.0,current_account_pct_gdp,BN.CAB.XOKA.GD.ZS,-4.52048439437013,
Czechia,CZE,2023.0,current_account_pct_gdp,BN.CAB.XOKA.GD.ZS,-0.125406557037842,
Czechia,CZE,2024.0,current_account_pct_gdp,BN.CAB.XOKA.GD.ZS,1.74244358000018,
Czechia,CZE,2020.0,gdp_growth_pct,NY.GDP.MKTP.KD.ZG,-5.30487955463876,
Czechia,CZE,2021.0,gdp_growth_pct,NY.GDP.MKTP.KD.ZG,4.02901832055149,
Czechia,CZE,2022.0,gdp_growth_pct,NY.GDP.MKTP.KD.ZG,2.8471706583814,
Czechia,CZE,2023.0,gdp_growth_pct,NY.GDP.MKTP.KD.ZG,0.0475803308973752,
Czechia,CZE,2024.0,gdp_growth_pct,NY.GDP.MKTP.KD.ZG,1.23308611983484,
Czechia,CZE,2020.0,gdp_per_capita_usd,NY.GDP.PCAP.CD,23472.8915454417,
Czechia,CZE,2021.0,gdp_per_capita_usd,NY.GDP.PCAP.CD,27696.4619527544,
Czechia,CZE,2022.0,gdp_per_capita_usd,NY.GDP.PCAP.CD,28282.2236715857,
Czechia,CZE,2023.0,gdp_per_capita_usd,NY.GDP.PCAP.CD,31761.5944102491,
Czechia,CZE,2024.0,gdp_per_capita_usd,NY.GDP.PCAP.CD,31823.3078290564,
Czechia,CZE,2020.0,gov_debt_pct_gdp,GC.DOD.TOTL.GD.ZS,,
Czechia,CZE,2021.0,gov_debt_pct_gdp,GC.DOD.TOTL.GD.ZS,,
Czechia,CZE,2022.0,gov_debt_pct_gdp,GC.DOD.TOTL.GD.ZS,,
Czechia,CZE,2023.0,gov_debt_pct_gdp,GC.DOD.TOTL.GD.ZS,,
Czechia,CZE,2024.0,gov_debt_pct_gdp,GC.DOD.TOTL.GD.ZS,,
Czechia,CZE,2020.0,inflation_cpi_pct,FP.CPI.TOTL.ZG,3.16129528497801,
Czechia,CZE,2021.0,inflation_cpi_pct,FP.CPI.TOTL.ZG,3.83984491500146,
Czechia,CZE,2022.0,inflation_cpi_pct,FP.CPI.TOTL.ZG,15.1001651468371,
Czechia,CZE,2023.0,inflation_cpi_pct,FP.CPI.TOTL.ZG,10.6612601372426,
Czechia,CZE,2024.0,inflation_cpi_pct,FP.CPI.TOTL.ZG,2.43531202435314,
Czechia,CZE,2020.0,unemployment_pct,SL.UEM.TOTL.ZS,2.55,
Czechia,CZE,2021.0,unemployment_pct,SL.UEM.TOTL.ZS,2.803,
Czechia,CZE,2022.0,unemployment_pct,SL.UEM.TOTL.ZS,2.224,
Czechia,CZE,2023.0,unemployment_pct,SL.UEM.TOTL.ZS,2.579,
Czechia,CZE,2024.0,unemployment_pct,SL.UEM.TOTL.ZS,2.506,
Denmark,DNK,2020.0,current_account_pct_gdp,BN.CAB.XOKA.GD.ZS,7.31174171634934,
Denmark,DNK,2021.0,current_account_pct_gdp,BN.CAB.XOKA.GD.ZS,8.60686861056622,
Denmark,DNK,2022.0,current_account_pct_gdp,BN.CAB.XOKA.GD.ZS,11.1530363234679,
Denmark,DNK,2023.0,current_account_pct_gdp,BN.CAB.XOKA.GD.ZS,11.0971102484847,
Denmark,DNK,2024.0,current_account_pct_gdp,BN.CAB.XOKA.GD.ZS,12.2782622922388,
Denmark,DNK,2020.0,gdp_growth_pct,NY.GDP.MKTP.KD.ZG,-1.78010601831291,
Denmark,DNK,2021.0,gdp_growth_pct,NY.GDP.MKTP.KD.ZG,6.50025445756295,
Denmark,DNK,2022.0,gdp_growth_pct,NY.GDP.MKTP.KD.ZG,0.443832614908331,
Denmark,DNK,2023.0,gdp_growth_pct,NY.GDP.MKTP.KD.ZG,0.604587766175584,
Denmark,DNK,2024.0,gdp_growth_pct,NY.GDP.MKTP.KD.ZG,3.47783593140312,
Denmark,DNK,2020.0,gdp_per_capita_usd,NY.GDP.PCAP.CD,60985.4885601514,
Denmark,DNK,2021.0,gdp_per_capita_usd,NY.GDP.PCAP.CD,69340.7334922138,
Denmark,DNK,2022.0,gdp_per_capita_usd,NY.GDP.PCAP.CD,67781.0940939514,
Denmark,DNK,2023.0,gdp_per_capita_usd,NY.GDP.PCAP.CD,68043.5466971243,
Denmark,DNK,2024.0,gdp_per_capita_usd,NY.GDP.PCAP.CD,71026.4832271897,
Denmark,DNK,2020.0,gov_debt_pct_gdp,GC.DOD.TOTL.GD.ZS,,
Denmark,DNK,2021.0,gov_debt_pct_gdp,GC.DOD.TOTL.GD.ZS,,
Denmark,DNK,2022.0,gov_debt_pct_gdp,GC.DOD.TOTL.GD.ZS,,
Denmark,DNK,2023.0,gov_debt_pct_gdp,GC.DOD.TOTL.GD.ZS,,
Denmark,DNK,2024.0,gov_debt_pct_gdp,GC.DOD.TOTL.GD.ZS,,
Denmark,DNK,2020.0,inflation_cpi_pct,FP.CPI.TOTL.ZG,0.420711974110115,
Denmark,DNK,2021.0,inflation_cpi_pct,FP.CPI.TOTL.ZG,1.8530454398968,
Denmark,DNK,2022.0,inflation_cpi_pct,FP.CPI.TOTL.ZG,7.6965669988926,
Denmark,DNK,2023.0,inflation_cpi_pct,FP.CPI.TOTL.ZG,3.30517811237606,
Denmark,DNK,2024.0,inflation_cpi_pct,FP.CPI.TOTL.ZG,1.37220049768918,
Denmark,DNK,2020.0,unemployment_pct,SL.UEM.TOTL.ZS,5.637,
Denmark,DNK,2021.0,unemployment_pct,SL.UEM.TOTL.ZS,5.043,
Denmark,DNK,2022.0,unemployment_pct,SL.UEM.TOTL.ZS,4.434,
Denmark,DNK,2023.0,unemployment_pct,SL.UEM.TOTL.ZS,5.094,
Denmark,DNK,2024.0,unemployment_pct,SL.UEM.TOTL.ZS,5.587,
Estonia,EST,2020.0,current_account_pct_gdp,BN.CAB.XOKA.GD.ZS,-2.7306242700292,
Estonia,EST,2021.0,current_account_pct_gdp,BN.CAB.XOKA.GD.ZS,-3.72881552541849,
Estonia,EST,2022.0,current_account_pct_gdp,BN.CAB.XOKA.GD.ZS,-3.91323342632091,
Estonia,EST,2023.0,current_account_pct_gdp,BN.CAB.XOKA.GD.ZS,-1.7426150208666,
Estonia,EST,2024.0,current_account_pct_gdp,BN.CAB.XOKA.GD.ZS,-1.25864024197608,
Estonia,EST,2020.0,gdp_growth_pct,NY.GDP.MKTP.KD.ZG,-2.88380751483778,
Estonia,EST,2021.0,gdp_growth_pct,NY.GDP.MKTP.KD.ZG,8.25488044580031,
Estonia,EST,2022.0,gdp_growth_pct,NY.GDP.MKTP.KD.ZG,-1.22616966587796,
Estonia,EST,2023.0,gdp_growth_pct,NY.GDP.MKTP.KD.ZG,-2.74421914571231,
Estonia,EST,2024.0,gdp_growth_pct,NY.GDP.MKTP.KD.ZG,-0.0900428648493801,
Estonia,EST,2020.0,gdp_per_capita_usd,NY.GDP.PCAP.CD,23933.9939421065,
Estonia,EST,2021.0,gdp_per_capita_usd,NY.GDP.PCAP.CD,27951.1659277744,
Estonia,EST,2022.0,gdp_per_capita_usd,NY.GDP.PCAP.CD,28340.3826549406,
Estonia,EST,2023.0,gdp_per_capita_usd,NY.GDP.PCAP.CD,30264.0064885057,
Estonia,EST,2024.0,gdp_per_capita_usd,NY.GDP.PCAP.CD,31428.3547816104,
Estonia,EST,2020.0,gov_debt_pct_gdp,GC.DOD.TOTL.GD.ZS,,
Estonia,EST,2021.0,gov_debt_pct_gdp,GC.DOD.TOTL.GD.ZS,,
Estonia,EST,2022.0,gov_debt_pct_gdp,GC.DOD.TOTL.GD.ZS,,
Estonia,EST,2023.0,gov_debt_pct_gdp,GC.DOD.TOTL.GD.ZS,,
Estonia,EST,2024.0,gov_debt_pct_gdp,GC.DOD.TOTL.GD.ZS,,
Estonia,EST,2020.0,inflation_cpi_pct,FP.CPI.TOTL.ZG,-0.44453109767983,
Estonia,EST,2021.0,inflation_cpi_pct,FP.CPI.TOTL.ZG,4.65316673847473,
Estonia,EST,2022.0,inflation_cpi_pct,FP.CPI.TOTL.ZG,19.3982634080616,
Estonia,EST,2023.0,inflation_cpi_pct,FP.CPI.TOTL.ZG,9.15922507983982,
Estonia,EST,2024.0,inflation_cpi_pct,FP.CPI.TOTL.ZG,3.52056053296586,
Estonia,EST,2020.0,unemployment_pct,SL.UEM.TOTL.ZS,6.956,
Estonia,EST,2021.0,unemployment_pct,SL.UEM.TOTL.ZS,6.178,
Estonia,EST,2022.0,unemployment_pct,SL.UEM.TOTL.ZS,5.571,
Estonia,EST,2023.0,unemployment_pct,SL.UEM.TOTL.ZS,6.378,
Estonia,EST,2024.0,unemployment_pct,SL.UEM.TOTL.ZS,7.828,
Finland,FIN,2020.0,current_account_pct_gdp,BN.CAB.XOKA.GD.ZS,0.529983303828095,
Finland,FIN,2021.0,current_account_pct_gdp,BN.CAB.XOKA.GD.ZS,0.326640931588569,
Finland,FIN,2022.0,current_account_pct_gdp,BN.CAB.XOKA.GD.ZS,-2.50692650482939,
Finland,FIN,2023.0,current_account_pct_gdp,BN.CAB.XOKA.GD.ZS,-0.92660922528218,
Finland,FIN,2024.0,current_account_pct_gdp,BN.CAB.XOKA.GD.ZS,-0.665363108803007,
Finland,FIN,2020.0,gdp_growth_pct,NY.GDP.MKTP.KD.ZG,-2.49103605535707,
Finland,FIN,2021.0,gdp_growth_pct,NY.GDP.MKTP.KD.ZG,2.67634641498897,
Finland,FIN,2022.0,gdp_growth_pct,NY.GDP.MKTP.KD.ZG,0.763041912763526,
Finland,FIN,2023.0,gdp_growth_pct,NY.GDP.MKTP.KD.ZG,-0.939093459613758,
Finland,FIN,2024.0,gdp_growth_pct,NY.GDP.MKTP.KD.ZG,0.416171964862073,
Finland,FIN,2020.0,gdp_per_capita_usd,NY.GDP.PCAP.CD,48828.6846862799,
Finland,FIN,2021.0,gdp_per_capita_usd,NY.GDP.PCAP.CD,53099.1351400148,
Finland,FIN,2022.0,gdp_per_capita_usd,NY.GDP.PCAP.CD,50440.560224974,
Finland,FIN,2023.0,gdp_per_capita_usd,NY.GDP.PCAP.CD,52834.2916752703,
Finland,FIN,2024.0,gdp_per_capita_usd,NY.GDP.PCAP.CD,53149.7671934051,
Finland,FIN,2020.0,gov_debt_pct_gdp,GC.DOD.TOTL.GD.ZS,,
Finland,FIN,2021.0,gov_debt_pct_gdp,GC.DOD.TOTL.GD.ZS,,
Finland,FIN,2022.0,gov_debt_pct_gdp,GC.DOD.TOTL.GD.ZS,,
Finland,FIN,2023.0,gov_debt_pct_gdp,GC.DOD.TOTL.GD.ZS,,
Finland,FIN,2024.0,gov_debt_pct_gdp,GC.DOD.TOTL.GD.ZS,,
Finland,FIN,2020.0,inflation_cpi_pct,FP.CPI.TOTL.ZG,0.290554555653239,
Finland,FIN,2021.0,inflation_cpi_pct,FP.CPI.TOTL.ZG,2.19457432340007,
Finland,FIN,2022.0,inflation_cpi_pct,FP.CPI.TOTL.ZG,7.12350773301402,
Finland,FIN,2023.0,inflation_cpi_pct,FP.CPI.TOTL.ZG,6.25064322154763,
Finland,FIN,2024.0,inflation_cpi_pct,FP.CPI.TOTL.ZG,1.56568906231616,
Finland,FIN,2020.0,unemployment_pct,SL.UEM.TOTL.ZS,7.759,
Finland,FIN,2021.0,unemployment_pct,SL.UEM.TOTL.ZS,7.617,
Finland,FIN,2022.0,unemployment_pct,SL.UEM.TOTL.ZS,6.719,
Finland,FIN,2023.0,unemployment_pct,SL.UEM.TOTL.ZS,7.151,
Finland,FIN,2024.0,unemployment_pct,SL.UEM.TOTL.ZS,8.26,
France,FRA,2020.0,current_account_pct_gdp,BN.CAB.XOKA.GD.ZS,-2.00313613657686,
France,FRA,2021.0,current_account_pct_gdp,BN.CAB.XOKA.GD.ZS,0.244238511780542,
France,FRA,2022.0,current_account_pct_gdp,BN.CAB.XOKA.GD.ZS,-1.43234855251881,
France,FRA,2023.0,current_account_pct_gdp,BN.CAB.XOKA.GD.ZS,-1.04301703799496,
France,FRA,2024.0,current_account_pct_gdp,BN.CAB.XOKA.GD.ZS,0.0851279883251641,
France,FRA,2020.0,gdp_growth_pct,NY.GDP.MKTP.KD.ZG,-7.44064589948231,
France,FRA,2021.0,gdp_growth_pct,NY.GDP.MKTP.KD.ZG,6.88233783360239,
France,FRA,2022.0,gdp_growth_pct,NY.GDP.MKTP.KD.ZG,2.71676264185913,
France,FRA,2023.0,gdp_growth_pct,NY.GDP.MKTP.KD.ZG,1.43921494437743,
France,FRA,2024.0,gdp_growth_pct,NY.GDP.MKTP.KD.ZG,1.19046798275883,
France,FRA,2020.0,gdp_per_capita_usd,NY.GDP.PCAP.CD,39169.8606000707,
France,FRA,2021.0,gdp_per_capita_usd,NY.GDP.PCAP.CD,43725.0999521245,
France,FRA,2022.0,gdp_per_capita_usd,NY.GDP.PCAP.CD,40988.6396406579,
France,FRA,2023.0,gdp_per_capita_usd,NY.GDP.PCAP.CD,44700.1384177544,
France,FRA,2024.0,gdp_per_capita_usd,NY.GDP.PCAP.CD,46103.0840855884,
France,FRA,2020.0,gov_debt_pct_gdp,GC.DOD.TOTL.GD.ZS,,
France,FRA,2021.0,gov_debt_pct_gdp,GC.DOD.TOTL.GD.ZS,,
France,FRA,2022.0,gov_debt_pct_gdp,GC.DOD.TOTL.GD.ZS,,
France,FRA,2023.0,gov_debt_pct_gdp,GC.DOD.TOTL.GD.ZS,,
France,FRA,2024.0,gov_debt_pct_gdp,GC.DOD.TOTL.GD.ZS,,
France,FRA,2020.0,inflation_cpi_pct,FP.CPI.TOTL.ZG,0.476498852725066,
France,FRA,2021.0,inflation_cpi_pct,FP.CPI.TOTL.ZG,1.64233141038385,
France,FRA,2022.0,inflation_cpi_pct,FP.CPI.TOTL.ZG,5.22236748369735,
France,FRA,2023.0,inflation_cpi_pct,FP.CPI.TOTL.ZG,4.87835726508441,
France,FRA,2024.0,inflation_cpi_pct,FP.CPI.TOTL.ZG,1.99904942291463,
France,FRA,2020.0,unemployment_pct,SL.UEM.TOTL.ZS,8.009,
France,FRA,2021.0,unemployment_pct,SL.UEM.TOTL.ZS,7.874,
France,FRA,2022.0,unemployment_pct,SL.UEM.TOTL.ZS,7.308,
France,FRA,2023.0,unemployment_pct,SL.UEM.TOTL.ZS,7.335,
France,FRA,2024.0,unemployment_pct,SL.UEM.TOTL.ZS,7.37,
Germany,DEU,2020.0,current_account_pct_gdp,BN.CAB.XOKA.GD.ZS,6.34782686016016,
Germany,DEU,2021.0,current_account_pct_gdp,BN.CAB.XOKA.GD.ZS,6.9200696637534,
Germany,DEU,2022.0,current_account_pct_gdp,BN.CAB.XOKA.GD.ZS,3.85045627175846,
Germany,DEU,2023.0,current_account_pct_gdp,BN.CAB.XOKA.GD.ZS,5.51222510245724,
Germany,DEU,2024.0,current_account_pct_gdp,BN.CAB.XOKA.GD.ZS,5.77188467199732,
Germany,DEU,2020.0,gdp_growth_pct,NY.GDP.MKTP.KD.ZG,-4.13191443239947,
Germany,DEU,2021.0,gdp_growth_pct,NY.GDP.MKTP.KD.ZG,3.90999994204108,
Germany,DEU,2022.0,gdp_growth_pct,NY.GDP.MKTP.KD.ZG,1.8092581243061,
Germany,DEU,2023.0,gdp_growth_pct,NY.GDP.MKTP.KD.ZG,-0.869647578573321,
Germany,DEU,2024.0,gdp_growth_pct,NY.GDP.MKTP.KD.ZG,-0.495851897260366,
Germany,DEU,2020.0,gdp_per_capita_usd,NY.GDP.PCAP.CD,47394.8734504469,
Germany,DEU,2021.0,gdp_per_capita_usd,NY.GDP.PCAP.CD,52349.2459994422,
Germany,DEU,2022.0,gdp_per_capita_usd,NY.GDP.PCAP.CD,50506.5179638543,
Germany,DEU,2023.0,gdp_per_capita_usd,NY.GDP.PCAP.CD,54776.7668235491,
Germany,DEU,2024.0,gdp_per_capita_usd,NY.GDP.PCAP.CD,56103.7323182554,
Germany,DEU,2020.0,gov_debt_pct_gdp,GC.DOD.TOTL.GD.ZS,,
Germany,DEU,2021.0,gov_debt_pct_gdp,GC.DOD.TOTL.GD.ZS,,
Germany,DEU,2022.0,gov_debt_pct_gdp,GC.DOD.TOTL.GD.ZS,,
Germany,DEU,2023.0,gov_debt_pct_gdp,GC.DOD.TOTL.GD.ZS,,
Germany,DEU,2024.0,gov_debt_pct_gdp,GC.DOD.TOTL.GD.ZS,,
Germany,DEU,2020.0,inflation_cpi_pct,FP.CPI.TOTL.ZG,0.144877925813982,
Germany,DEU,2021.0,inflation_cpi_pct,FP.CPI.TOTL.ZG,3.06666666666673,
Germany,DEU,2022.0,inflation_cpi_pct,FP.CPI.TOTL.ZG,6.87257438551097,
Germany,DEU,2023.0,inflation_cpi_pct,FP.CPI.TOTL.ZG,5.94643667725823,
Germany,DEU,2024.0,inflation_cpi_pct,FP.CPI.TOTL.ZG,2.2564981433876,
Germany,DEU,2020.0,unemployment_pct,SL.UEM.TOTL.ZS,3.881,
Germany,DEU,2021.0,unemployment_pct,SL.UEM.TOTL.ZS,3.594,
Germany,DEU,2022.0,unemployment_pct,SL.UEM.TOTL.ZS,3.12,
Germany,DEU,2023.0,unemployment_pct,SL.UEM.TOTL.ZS,3.068,
Germany,DEU,2024.0,unemployment_pct,SL.UEM.TOTL.ZS,3.406,
Greece,GRC,2020.0,current_account_pct_gdp,BN.CAB.XOKA.GD.ZS,-6.4866420039279,
Greece,GRC,2021.0,current_account_pct_gdp,BN.CAB.XOKA.GD.ZS,-6.34795283469092,
Greece,GRC,2022.0,current_account_pct_gdp,BN.CAB.XOKA.GD.ZS,-10.8779875356727,
Greece,GRC,2023.0,current_account_pct_gdp,BN.CAB.XOKA.GD.ZS,-6.77841375377555,
Greece,GRC,2024.0,current_account_pct_gdp,BN.CAB.XOKA.GD.ZS,-7.10950344070572,
Greece,GRC,2020.0,gdp_growth_pct,NY.GDP.MKTP.KD.ZG,-9.19623149726978,
Greece,GRC,2021.0,gdp_growth_pct,NY.GDP.MKTP.KD.ZG,8.65449786002131,
Greece,GRC,2022.0,gdp_growth_pct,NY.GDP.MKTP.KD.ZG,5.52198580589408,
Greece,GRC,2023.0,gdp_growth_pct,NY.GDP.MKTP.KD.ZG,2.13591131996631,
Greece,GRC,2024.0,gdp_growth_pct,NY.GDP.MKTP.KD.ZG,2.0865743380603,
Greece,GRC,,gdp_per_capita_usd,NY.GDP.PCAP.CD,,"HTTPSConnectionPool(host='api.worldbank.org', port=443): Read timed out. (read timeout=20)"
Greece,GRC,2020.0,gov_debt_pct_gdp,GC.DOD.TOTL.GD.ZS,,
Greece,GRC,2021.0,gov_debt_pct_gdp,GC.DOD.TOTL.GD.ZS,,
Greece,GRC,2022.0,gov_debt_pct_gdp,GC.DOD.TOTL.GD.ZS,,
Greece,GRC,2023.0,gov_debt_pct_gdp,GC.DOD.TOTL.GD.ZS,,
Greece,GRC,2024.0,gov_debt_pct_gdp,GC.DOD.TOTL.GD.ZS,,
Greece,GRC,2020.0,inflation_cpi_pct,FP.CPI.TOTL.ZG,-1.24798355581405,
Greece,GRC,2021.0,inflation_cpi_pct,FP.CPI.TOTL.ZG,1.22382501019854,
Greece,GRC,2022.0,inflation_cpi_pct,FP.CPI.TOTL.ZG,9.64525981280632,
Greece,GRC,2023.0,inflation_cpi_pct,FP.CPI.TOTL.ZG,3.46480128513405,
Greece,GRC,2024.0,inflation_cpi_pct,FP.CPI.TOTL.ZG,2.74149045788606,
Greece,GRC,2020.0,unemployment_pct,SL.UEM.TOTL.ZS,15.899,
Greece,GRC,2021.0,unemployment_pct,SL.UEM.TOTL.ZS,14.656,
Greece,GRC,2022.0,unemployment_pct,SL.UEM.TOTL.ZS,12.426,
Greece,GRC,2023.0,unemployment_pct,SL.UEM.TOTL.ZS,11.066,
Greece,GRC,2024.0,unemployment_pct,SL.UEM.TOTL.ZS,10.133,
Hungary,HUN,2020.0,current_account_pct_gdp,BN.CAB.XOKA.GD.ZS,-1.03428088875148,
Hungary,HUN,2021.0,current_account_pct_gdp,BN.CAB.XOKA.GD.ZS,-4.28505680487641,
Hungary,HUN,2022.0,current_account_pct_gdp,BN.CAB.XOKA.GD.ZS,-8.86819485242409,
Hungary,HUN,2023.0,current_account_pct_gdp,BN.CAB.XOKA.GD.ZS,-0.00361531860727099,
Hungary,HUN,2024.0,current_account_pct_gdp,BN.CAB.XOKA.GD.ZS,1.58180029565553,
Hungary,HUN,2020.0,gdp_growth_pct,NY.GDP.MKTP.KD.ZG,-4.33872540024058,
Hungary,HUN,2021.0,gdp_growth_pct,NY.GDP.MKTP.KD.ZG,7.22291580811137,
Hungary,HUN,2022.0,gdp_growth_pct,NY.GDP.MKTP.KD.ZG,4.15238057779229,
Hungary,HUN,2023.0,gdp_growth_pct,NY.GDP.MKTP.KD.ZG,-0.817107370513455,
Hungary,HUN,2024.0,gdp_growth_pct,NY.GDP.MKTP.KD.ZG,0.560117843140432,
Hungary,HUN,2020.0,gdp_per_capita_usd,NY.GDP.PCAP.CD,16386.9308821258,
Hungary,HUN,2021.0,gdp_per_capita_usd,NY.GDP.PCAP.CD,19030.628130329,
Hungary,HUN,2022.0,gdp_per_capita_usd,NY.GDP.PCAP.CD,18428.028825614,
Hungary,HUN,2023.0,gdp_per_capita_usd,NY.GDP.PCAP.CD,22230.6277875187,
Hungary,HUN,2024.0,gdp_per_capita_usd,NY.GDP.PCAP.CD,23292.3263882478,
Hungary,HUN,2020.0,gov_debt_pct_gdp,GC.DOD.TOTL.GD.ZS,95.2231106008826,
Hungary,HUN,2021.0,gov_debt_pct_gdp,GC.DOD.TOTL.GD.ZS,86.3675279469398,
Hungary,HUN,2022.0,gov_debt_pct_gdp,GC.DOD.TOTL.GD.ZS,75.527467420073,
Hungary,HUN,2023.0,gov_debt_pct_gdp,GC.DOD.TOTL.GD.ZS,,
Hungary,HUN,2024.0,gov_debt_pct_gdp,GC.DOD.TOTL.GD.ZS,,
Hungary,HUN,2020.0,inflation_cpi_pct,FP.CPI.TOTL.ZG,3.32674385766738,
Hungary,HUN,2021.0,inflation_cpi_pct,FP.CPI.TOTL.ZG,5.11096534382855,
Hungary,HUN,2022.0,inflation_cpi_pct,FP.CPI.TOTL.ZG,14.6081439492433,
Hungary,HUN,2023.0,inflation_cpi_pct,FP.CPI.TOTL.ZG,17.1249659678737,
Hungary,HUN,2024.0,inflation_cpi_pct,FP.CPI.TOTL.ZG,3.70370370370369,
Hungary,HUN,2020.0,unemployment_pct,SL.UEM.TOTL.ZS,4.25,
Hungary,HUN,2021.0,unemployment_pct,SL.UEM.TOTL.ZS,4.045,
Hungary,HUN,2022.0,unemployment_pct,SL.UEM.TOTL.ZS,3.609,
Hungary,HUN,2023.0,unemployment_pct,SL.UEM.TOTL.ZS,4.107,
Hungary,HUN,2024.0,unemployment_pct,SL.UEM.TOTL.ZS,4.434,
Iceland,ISL,2020.0,current_account_pct_gdp,BN.CAB.XOKA.GD.ZS,1.89912365465564,
Iceland,ISL,2021.0,current_account_pct_gdp,BN.CAB.XOKA.GD.ZS,-2.57256903046463,
Iceland,ISL,2022.0,current_account_pct_gdp,BN.CAB.XOKA.GD.ZS,-1.86900848854223,
Iceland,ISL,2023.0,current_account_pct_gdp,BN.CAB.XOKA.GD.ZS,-1.00360107585175,
Iceland,ISL,2024.0,current_account_pct_gdp,BN.CAB.XOKA.GD.ZS,-2.60701511674342,
Iceland,ISL,2020.0,gdp_growth_pct,NY.GDP.MKTP.KD.ZG,-6.64587816297836,
Iceland,ISL,2021.0,gdp_growth_pct,NY.GDP.MKTP.KD.ZG,5.1805719742238,
Iceland,ISL,2022.0,gdp_growth_pct,NY.GDP.MKTP.KD.ZG,8.82069395623492,
Iceland,ISL,2023.0,gdp_growth_pct,NY.GDP.MKTP.KD.ZG,5.18615760140189,
Iceland,ISL,2024.0,gdp_growth_pct,NY.GDP.MKTP.KD.ZG,-0.970676468918384,
Iceland,ISL,2020.0,gdp_per_capita_usd,NY.GDP.PCAP.CD,60127.9393575616,
Iceland,ISL,2021.0,gdp_per_capita_usd,NY.GDP.PCAP.CD,70425.4064277273,
Iceland,ISL,2022.0,gdp_per_capita_usd,NY.GDP.PCAP.CD,76350.4550416502,
Iceland,ISL,2023.0,gdp_per_capita_usd,NY.GDP.PCAP.CD,82138.7892973557,
Iceland,ISL,2024.0,gdp_per_capita_usd,NY.GDP.PCAP.CD,86040.5309851288,
Iceland,ISL,2020.0,gov_debt_pct_gdp,GC.DOD.TOTL.GD.ZS,98.4737480726843,
Iceland,ISL,2021.0,gov_debt_pct_gdp,GC.DOD.TOTL.GD.ZS,94.3257130305097,
Iceland,ISL,2022.0,gov_debt_pct_gdp,GC.DOD.TOTL.GD.ZS,85.119675075089,
Iceland,ISL,2023.0,gov_debt_pct_gdp,GC.DOD.TOTL.GD.ZS,80.155194222013,
Iceland,ISL,2024.0,gov_debt_pct_gdp,GC.DOD.TOTL.GD.ZS,,
Iceland,ISL,2020.0,inflation_cpi_pct,FP.CPI.TOTL.ZG,2.84792401518665,
Iceland,ISL,2021.0,inflation_cpi_pct,FP.CPI.TOTL.ZG,4.44423970189739,
Iceland,ISL,2022.0,inflation_cpi_pct,FP.CPI.TOTL.ZG,8.3087551155892,
Iceland,ISL,2023.0,inflation_cpi_pct,FP.CPI.TOTL.ZG,8.73630299937298,
Iceland,ISL,2024.0,inflation_cpi_pct,FP.CPI.TOTL.ZG,5.85683849970066,
Iceland,ISL,2020.0,unemployment_pct,SL.UEM.TOTL.ZS,5.478,
Iceland,ISL,2021.0,unemployment_pct,SL.UEM.TOTL.ZS,6.029,
Iceland,ISL,2022.0,unemployment_pct,SL.UEM.TOTL.ZS,3.789,
Iceland,ISL,2023.0,unemployment_pct,SL.UEM.TOTL.ZS,3.518,
Iceland,ISL,2024.0,unemployment_pct,SL.UEM.TOTL.ZS,3.107,
Ireland,IRL,2020.0,current_account_pct_gdp,BN.CAB.XOKA.GD.ZS,-6.72117635432936,
Ireland,IRL,2021.0,current_account_pct_gdp,BN.CAB.XOKA.GD.ZS,12.2773633997729,
Ireland,IRL,2022.0,current_account_pct_gdp,BN.CAB.XOKA.GD.ZS,8.83145214804832,
Ireland,IRL,2023.0,current_account_pct_gdp,BN.CAB.XOKA.GD.ZS,7.88616983666685,
Ireland,IRL,2024.0,current_account_pct_gdp,BN.CAB.XOKA.GD.ZS,17.3995604849009,
Ireland,IRL,2020.0,gdp_growth_pct,NY.GDP.MKTP.KD.ZG,7.15369505735335,
Ireland,IRL,2021.0,gdp_growth_pct,NY.GDP.MKTP.KD.ZG,16.2581881158197,
Ireland,IRL,2022.0,gdp_growth_pct,NY.GDP.MKTP.KD.ZG,7.51113888415304,
Ireland,IRL,2023.0,gdp_growth_pct,NY.GDP.MKTP.KD.ZG,-2.53637409313261,
Ireland,IRL,2024.0,gdp_growth_pct,NY.GDP.MKTP.KD.ZG,2.59946721553708,
Ireland,IRL,2020.0,gdp_per_capita_usd,NY.GDP.PCAP.CD,86514.0706108754,
Ireland,IRL,2021.0,gdp_per_capita_usd,NY.GDP.PCAP.CD,103783.446284479,
Ireland,IRL,2022.0,gdp_per_capita_usd,NY.GDP.PCAP.CD,105190.685952731,
Ireland,IRL,2023.0,gdp_per_capita_usd,NY.GDP.PCAP.CD,106818.917130804,
Ireland,IRL,2024.0,gdp_per_capita_usd,NY.GDP.PCAP.CD,112894.953240805,
Ireland,IRL,2020.0,gov_debt_pct_gdp,GC.DOD.TOTL.GD.ZS,,
Ireland,IRL,2021.0,gov_debt_pct_gdp,GC.DOD.TOTL.GD.ZS,,
Ireland,IRL,2022.0,gov_debt_pct_gdp,GC.DOD.TOTL.GD.ZS,,
Ireland,IRL,2023.0,gov_debt_pct_gdp,GC.DOD.TOTL.GD.ZS,,
Ireland,IRL,2024.0,gov_debt_pct_gdp,GC.DOD.TOTL.GD.ZS,,
Ireland,IRL,2020.0,inflation_cpi_pct,FP.CPI.TOTL.ZG,-0.326183651280033,
Ireland,IRL,2021.0,inflation_cpi_pct,FP.CPI.TOTL.ZG,2.34034113447044,
Ireland,IRL,2022.0,inflation_cpi_pct,FP.CPI.TOTL.ZG,7.82945736434105,
Ireland,IRL,2023.0,inflation_cpi_pct,FP.CPI.TOTL.ZG,6.29942487419125,
Ireland,IRL,2024.0,inflation_cpi_pct,FP.CPI.TOTL.ZG,2.11344999577317,
Ireland,IRL,2020.0,unemployment_pct,SL.UEM.TOTL.ZS,5.623,
Ireland,IRL,2021.0,unemployment_pct,SL.UEM.TOTL.ZS,6.364,
Ireland,IRL,2022.0,unemployment_pct,SL.UEM.TOTL.ZS,4.501,
Ireland,IRL,2023.0,unemployment_pct,SL.UEM.TOTL.ZS,4.288,
Ireland,IRL,2024.0,unemployment_pct,SL.UEM.TOTL.ZS,4.369,
Israel,ISR,2020.0,current_account_pct_gdp,BN.CAB.XOKA.GD.ZS,3.74135443993414,
Israel,ISR,2021.0,current_account_pct_gdp,BN.CAB.XOKA.GD.ZS,3.02089479982974,
Israel,ISR,2022.0,current_account_pct_gdp,BN.CAB.XOKA.GD.ZS,2.68983451117337,
Israel,ISR,2023.0,current_account_pct_gdp,BN.CAB.XOKA.GD.ZS,3.06904948003165,
Israel,ISR,2024.0,current_account_pct_gdp,BN.CAB.XOKA.GD.ZS,2.86378146024895,
Israel,ISR,2020.0,gdp_growth_pct,NY.GDP.MKTP.KD.ZG,-2.02161548237589,
Israel,ISR,2021.0,gdp_growth_pct,NY.GDP.MKTP.KD.ZG,9.38837403354628,
Israel,ISR,2022.0,gdp_growth_pct,NY.GDP.MKTP.KD.ZG,6.26326343841286,
Israel,ISR,2023.0,gdp_growth_pct,NY.GDP.MKTP.KD.ZG,1.82652049482384,
Israel,ISR,2024.0,gdp_growth_pct,NY.GDP.MKTP.KD.ZG,0.871968424377442,
Israel,ISR,2020.0,gdp_per_capita_usd,NY.GDP.PCAP.CD,44575.5719045492,
Israel,ISR,2021.0,gdp_per_capita_usd,NY.GDP.PCAP.CD,52270.9040241956,
Israel,ISR,2022.0,gdp_per_capita_usd,NY.GDP.PCAP.CD,54949.621556429,
Israel,ISR,2023.0,gdp_per_capita_usd,NY.GDP.PCAP.CD,52003.7200729997,
Israel,ISR,2024.0,gdp_per_capita_usd,NY.GDP.PCAP.CD,54176.6844383302,
Israel,ISR,2020.0,gov_debt_pct_gdp,GC.DOD.TOTL.GD.ZS,,
Israel,ISR,2021.0,gov_debt_pct_gdp,GC.DOD.TOTL.GD.ZS,,
Israel,ISR,2022.0,gov_debt_pct_gdp,GC.DOD.TOTL.GD.ZS,,
Israel,ISR,2023.0,gov_debt_pct_gdp,GC.DOD.TOTL.GD.ZS,,
Israel,ISR,2024.0,gov_debt_pct_gdp,GC.DOD.TOTL.GD.ZS,,
Israel,ISR,2020.0,inflation_cpi_pct,FP.CPI.TOTL.ZG,-0.575254620897756,
Israel,ISR,2021.0,inflation_cpi_pct,FP.CPI.TOTL.ZG,1.47965474722561,
Israel,ISR,2022.0,inflation_cpi_pct,FP.CPI.TOTL.ZG,4.41162725488371,
Israel,ISR,2023.0,inflation_cpi_pct,FP.CPI.TOTL.ZG,4.22522603168918,
Israel,ISR,2024.0,inflation_cpi_pct,FP.CPI.TOTL.ZG,3.07480889805025,
Israel,ISR,2020.0,unemployment_pct,SL.UEM.TOTL.ZS,4.169,
Israel,ISR,2021.0,unemployment_pct,SL.UEM.TOTL.ZS,4.812,
Israel,ISR,2022.0,unemployment_pct,SL.UEM.TOTL.ZS,3.695,
Israel,ISR,2023.0,unemployment_pct,SL.UEM.TOTL.ZS,3.596,
Israel,ISR,2024.0,unemployment_pct,SL.UEM.TOTL.ZS,3.15,
Italy,ITA,2020.0,current_account_pct_gdp,BN.CAB.XOKA.GD.ZS,3.9369545603398,
Italy,ITA,2021.0,current_account_pct_gdp,BN.CAB.XOKA.GD.ZS,2.03966459401318,
Italy,ITA,2022.0,current_account_pct_gdp,BN.CAB.XOKA.GD.ZS,-1.82962143546248,
Italy,ITA,2023.0,current_account_pct_gdp,BN.CAB.XOKA.GD.ZS,0.224243443277791,
Italy,ITA,2024.0,current_account_pct_gdp,BN.CAB.XOKA.GD.ZS,1.08253400174467,
Italy,ITA,2020.0,gdp_growth_pct,NY.GDP.MKTP.KD.ZG,-8.86822122185345,
Italy,ITA,2021.0,gdp_growth_pct,NY.GDP.MKTP.KD.ZG,8.93106210800055,
Italy,ITA,2022.0,gdp_growth_pct,NY.GDP.MKTP.KD.ZG,4.82117669913565,
Italy,ITA,2023.0,gdp_growth_pct,NY.GDP.MKTP.KD.ZG,0.975694840127005,
Italy,ITA,2024.0,gdp_growth_pct,NY.GDP.MKTP.KD.ZG,0.692676948440536,
Italy,ITA,2020.0,gdp_per_capita_usd,NY.GDP.PCAP.CD,32091.4866621366,
Italy,ITA,2021.0,gdp_per_capita_usd,NY.GDP.PCAP.CD,36852.5425414951,
Italy,ITA,2022.0,gdp_per_capita_usd,NY.GDP.PCAP.CD,35653.9042103495,
Italy,ITA,2023.0,gdp_per_capita_usd,NY.GDP.PCAP.CD,39277.0838783918,
Italy,ITA,2024.0,gdp_per_capita_usd,NY.GDP.PCAP.CD,40385.3413957669,
Italy,ITA,2020.0,gov_debt_pct_gdp,GC.DOD.TOTL.GD.ZS,,
Italy,ITA,2021.0,gov_debt_pct_gdp,GC.DOD.TOTL.GD.ZS,,
Italy,ITA,2022.0,gov_debt_pct_gdp,GC.DOD.TOTL.GD.ZS,,
Italy,ITA,2023.0,gov_debt_pct_gdp,GC.DOD.TOTL.GD.ZS,,
Italy,ITA,2024.0,gov_debt_pct_gdp,GC.DOD.TOTL.GD.ZS,,
Italy,ITA,2020.0,inflation_cpi_pct,FP.CPI.TOTL.ZG,-0.13770757391651,
Italy,ITA,2021.0,inflation_cpi_pct,FP.CPI.TOTL.ZG,1.87378325762481,
Italy,ITA,2022.0,inflation_cpi_pct,FP.CPI.TOTL.ZG,8.20128991161718,
Italy,ITA,2023.0,inflation_cpi_pct,FP.CPI.TOTL.ZG,5.62219442195901,
Italy,ITA,2024.0,inflation_cpi_pct,FP.CPI.TOTL.ZG,0.982373023061417,
Italy,ITA,2020.0,unemployment_pct,SL.UEM.TOTL.ZS,9.164,
Italy,ITA,2021.0,unemployment_pct,SL.UEM.TOTL.ZS,9.497,
Italy,ITA,2022.0,unemployment_pct,SL.UEM.TOTL.ZS,8.069,
Italy,ITA,2023.0,unemployment_pct,SL.UEM.TOTL.ZS,7.627,
Italy,ITA,2024.0,unemployment_pct,SL.UEM.TOTL.ZS,6.778,
Japan,JPN,2020.0,current_account_pct_gdp,BN.CAB.XOKA.GD.ZS,2.96847858242383,
Japan,JPN,2021.0,current_account_pct_gdp,BN.CAB.XOKA.GD.ZS,3.89996604353178,
Japan,JPN,2022.0,current_account_pct_gdp,BN.CAB.XOKA.GD.ZS,2.11637961936876,
Japan,JPN,2023.0,current_account_pct_gdp,BN.CAB.XOKA.GD.ZS,3.71672795030716,
Japan,JPN,2024.0,current_account_pct_gdp,BN.CAB.XOKA.GD.ZS,4.82314808005734,
Japan,JPN,2020.0,gdp_growth_pct,NY.GDP.MKTP.KD.ZG,-4.16876457146743,
Japan,JPN,2021.0,gdp_growth_pct,NY.GDP.MKTP.KD.ZG,2.69657404187188,
Japan,JPN,2022.0,gdp_growth_pct,NY.GDP.MKTP.KD.ZG,0.941998775483285,
Japan,JPN,2023.0,gdp_growth_pct,NY.GDP.MKTP.KD.ZG,1.47503481053384,
Japan,JPN,2024.0,gdp_growth_pct,NY.GDP.MKTP.KD.ZG,0.104309021773304,
Japan,JPN,2020.0,gdp_per_capita_usd,NY.GDP.PCAP.CD,40028.7341726762,
Japan,JPN,2021.0,gdp_per_capita_usd,NY.GDP.PCAP.CD,40094.5599795288,
Japan,JPN,2022.0,gdp_per_capita_usd,NY.GDP.PCAP.CD,34065.6438962526,
Japan,JPN,2023.0,gdp_per_capita_usd,NY.GDP.PCAP.CD,33836.1756271617,
Japan,JPN,2024.0,gdp_per_capita_usd,NY.GDP.PCAP.CD,32487.0778047567,
Japan,JPN,2020.0,gov_debt_pct_gdp,GC.DOD.TOTL.GD.ZS,,
Japan,JPN,2021.0,gov_debt_pct_gdp,GC.DOD.TOTL.GD.ZS,,
Japan,JPN,2022.0,gov_debt_pct_gdp,GC.DOD.TOTL.GD.ZS,,
Japan,JPN,2023.0,gov_debt_pct_gdp,GC.DOD.TOTL.GD.ZS,,
Japan,JPN,2024.0,gov_debt_pct_gdp,GC.DOD.TOTL.GD.ZS,,
Japan,JPN,2020.0,inflation_cpi_pct,FP.CPI.TOTL.ZG,-0.024995834027731,
Japan,JPN,2021.0,inflation_cpi_pct,FP.CPI.TOTL.ZG,-0.233352779398264,
Japan,JPN,2022.0,inflation_cpi_pct,FP.CPI.TOTL.ZG,2.49770278172255,
Japan,JPN,2023.0,inflation_cpi_pct,FP.CPI.TOTL.ZG,3.26813365933163,
Japan,JPN,2024.0,inflation_cpi_pct,FP.CPI.TOTL.ZG,2.73853681635241,
Japan,JPN,2020.0,unemployment_pct,SL.UEM.TOTL.ZS,2.809,
Japan,JPN,2021.0,unemployment_pct,SL.UEM.TOTL.ZS,2.828,
Japan,JPN,2022.0,unemployment_pct,SL.UEM.TOTL.ZS,2.6,
Japan,JPN,2023.0,unemployment_pct,SL.UEM.TOTL.ZS,2.6,
Japan,JPN,2024.0,unemployment_pct,SL.UEM.TOTL.ZS,2.563,
Korea,KOR,2020.0,current_account_pct_gdp,BN.CAB.XOKA.GD.ZS,4.35201499780346,
Korea,KOR,2021.0,current_account_pct_gdp,BN.CAB.XOKA.GD.ZS,4.38797327644752,
Korea,KOR,2022.0,current_account_pct_gdp,BN.CAB.XOKA.GD.ZS,1.43543011179305,
Korea,KOR,2023.0,current_account_pct_gdp,BN.CAB.XOKA.GD.ZS,1.77914588984233,
Korea,KOR,2024.0,current_account_pct_gdp,BN.CAB.XOKA.GD.ZS,5.28119455498379,
Korea,KOR,2020.0,gdp_growth_pct,NY.GDP.MKTP.KD.ZG,-0.700242317542106,
Korea,KOR,2021.0,gdp_growth_pct,NY.GDP.MKTP.KD.ZG,4.61296795454287,
Korea,KOR,2022.0,gdp_growth_pct,NY.GDP.MKTP.KD.ZG,2.72756456708991,
Korea,KOR,2023.0,gdp_growth_pct,NY.GDP.MKTP.KD.ZG,1.58301467403629,
Korea,KOR,2024.0,gdp_growth_pct,NY.GDP.MKTP.KD.ZG,2.00361101838986,
Korea,KOR,2020.0,gdp_per_capita_usd,NY.GDP.PCAP.CD,33645.7719545073,
Korea,KOR,2021.0,gdp_per_capita_usd,NY.GDP.PCAP.CD,37518.4635305697,
Korea,KOR,2022.0,gdp_per_capita_usd,NY.GDP.PCAP.CD,34822.4048404971,
Korea,KOR,2023.0,gdp_per_capita_usd,NY.GDP.PCAP.CD,35674.095995632,
Korea,KOR,2024.0,gdp_per_capita_usd,NY.GDP.PCAP.CD,36238.639908315,
Korea,KOR,2020.0,gov_debt_pct_gdp,GC.DOD.TOTL.GD.ZS,43.7757991738024,
Korea,KOR,2021.0,gov_debt_pct_gdp,GC.DOD.TOTL.GD.ZS,45.8328934496037,
Korea,KOR,2022.0,gov_debt_pct_gdp,GC.DOD.TOTL.GD.ZS,47.6110651969645,
Korea,KOR,2023.0,gov_debt_pct_gdp,GC.DOD.TOTL.GD.ZS,48.5543799498432,
Korea,KOR,2024.0,gov_debt_pct_gdp,GC.DOD.TOTL.GD.ZS,,
Korea,KOR,2020.0,inflation_cpi_pct,FP.CPI.TOTL.ZG,0.537288023411737,
Korea,KOR,2021.0,inflation_cpi_pct,FP.CPI.TOTL.ZG,2.49833333333339,
Korea,KOR,2022.0,inflation_cpi_pct,FP.CPI.TOTL.ZG,5.08951365062842,
Korea,KOR,2023.0,inflation_cpi_pct,FP.CPI.TOTL.ZG,3.5974562502901,
Korea,KOR,2024.0,inflation_cpi_pct,FP.CPI.TOTL.ZG,2.32174328643542,
Korea,KOR,2020.0,unemployment_pct,SL.UEM.TOTL.ZS,3.931,
Korea,KOR,2021.0,unemployment_pct,SL.UEM.TOTL.ZS,3.639,
Korea,KOR,2022.0,unemployment_pct,SL.UEM.TOTL.ZS,2.857,
Korea,KOR,2023.0,unemployment_pct,SL.UEM.TOTL.ZS,2.675,
Korea,KOR,2024.0,unemployment_pct,SL.UEM.TOTL.ZS,2.604,
Latvia,LVA,2020.0,current_account_pct_gdp,BN.CAB.XOKA.GD.ZS,3.09270300452461,
Latvia,LVA,2021.0,current_account_pct_gdp,BN.CAB.XOKA.GD.ZS,-4.13643816293471,
Latvia,LVA,2022.0,current_account_pct_gdp,BN.CAB.XOKA.GD.ZS,-5.47922926578536,
Latvia,LVA,2023.0,current_account_pct_gdp,BN.CAB.XOKA.GD.ZS,-3.88711545837933,
Latvia,LVA,2024.0,current_account_pct_gdp,BN.CAB.XOKA.GD.ZS,-1.57465157670388,
Latvia,LVA,,gdp_growth_pct,NY.GDP.MKTP.KD.ZG,,"HTTPSConnectionPool(host='api.worldbank.org', port=443): Read timed out. (read timeout=20)"
Latvia,LVA,2020.0,gdp_per_capita_usd,NY.GDP.PCAP.CD,17564.2321549354,
Latvia,LVA,2021.0,gdp_per_capita_usd,NY.GDP.PCAP.CD,20261.8887788916,
Latvia,LVA,2022.0,gdp_per_capita_usd,NY.GDP.PCAP.CD,20221.103686109,
Latvia,LVA,2023.0,gdp_per_capita_usd,NY.GDP.PCAP.CD,22710.2637544197,
Latvia,LVA,2024.0,gdp_per_capita_usd,NY.GDP.PCAP.CD,23409.0845154775,
Latvia,LVA,2020.0,gov_debt_pct_gdp,GC.DOD.TOTL.GD.ZS,,
Latvia,LVA,2021.0,gov_debt_pct_gdp,GC.DOD.TOTL.GD.ZS,,
Latvia,LVA,2022.0,gov_debt_pct_gdp,GC.DOD.TOTL.GD.ZS,,
Latvia,LVA,2023.0,gov_debt_pct_gdp,GC.DOD.TOTL.GD.ZS,,
Latvia,LVA,2024.0,gov_debt_pct_gdp,GC.DOD.TOTL.GD.ZS,,
Latvia,LVA,2020.0,inflation_cpi_pct,FP.CPI.TOTL.ZG,0.219064904842156,
Latvia,LVA,2021.0,inflation_cpi_pct,FP.CPI.TOTL.ZG,3.27582937431156,
Latvia,LVA,2022.0,inflation_cpi_pct,FP.CPI.TOTL.ZG,17.3102830198815,
Latvia,LVA,2023.0,inflation_cpi_pct,FP.CPI.TOTL.ZG,8.93804623316637,
Latvia,LVA,2024.0,inflation_cpi_pct,FP.CPI.TOTL.ZG,1.26579885828729,
Latvia,LVA,,unemployment_pct,SL.UEM.TOTL.ZS,,"HTTPSConnectionPool(host='api.worldbank.org', port=443): Read timed out. (read timeout=20)"
Lithuania,LTU,2020.0,current_account_pct_gdp,BN.CAB.XOKA.GD.ZS,7.22470104088843,
Lithuania,LTU,2021.0,current_account_pct_gdp,BN.CAB.XOKA.GD.ZS,1.46940668521304,
Lithuania,LTU,2022.0,current_account_pct_gdp,BN.CAB.XOKA.GD.ZS,-6.084973892203,
Lithuania,LTU,2023.0,current_account_pct_gdp,BN.CAB.XOKA.GD.ZS,1.10087710830163,
Lithuania,LTU,2024.0,current_account_pct_gdp,BN.CAB.XOKA.GD.ZS,3.26568276980857,
Lithuania,LTU,2020.0,gdp_growth_pct,NY.GDP.MKTP.KD.ZG,0.0428158336981426,
Lithuania,LTU,2021.0,gdp_growth_pct,NY.GDP.MKTP.KD.ZG,6.38001606179873,
Lithuania,LTU,2022.0,gdp_growth_pct,NY.GDP.MKTP.KD.ZG,2.53752574011534,
Lithuania,LTU,2023.0,gdp_growth_pct,NY.GDP.MKTP.KD.ZG,0.342262716277261,
Lithuania,LTU,2024.0,gdp_growth_pct,NY.GDP.MKTP.KD.ZG,2.77263124530285,
Lithuania,LTU,2020.0,gdp_per_capita_usd,NY.GDP.PCAP.CD,20428.6478157394,
Lithuania,LTU,2021.0,gdp_per_capita_usd,NY.GDP.PCAP.CD,23870.4594851722,
Lithuania,LTU,2022.0,gdp_per_capita_usd,NY.GDP.PCAP.CD,25085.784063499,
Lithuania,LTU,2023.0,gdp_per_capita_usd,NY.GDP.PCAP.CD,27786.0057829276,
Lithuania,LTU,2024.0,gdp_per_capita_usd,NY.GDP.PCAP.CD,29384.0189598663,
Lithuania,LTU,2020.0,gov_debt_pct_gdp,GC.DOD.TOTL.GD.ZS,,
Lithuania,LTU,2021.0,gov_debt_pct_gdp,GC.DOD.TOTL.GD.ZS,,
Lithuania,LTU,2022.0,gov_debt_pct_gdp,GC.DOD.TOTL.GD.ZS,,
Lithuania,LTU,2023.0,gov_debt_pct_gdp,GC.DOD.TOTL.GD.ZS,,
Lithuania,LTU,2024.0,gov_debt_pct_gdp,GC.DOD.TOTL.GD.ZS,,
Lithuania,LTU,2020.0,inflation_cpi_pct,FP.CPI.TOTL.ZG,1.19989444983569,
Lithuania,LTU,2021.0,inflation_cpi_pct,FP.CPI.TOTL.ZG,4.68354420903453,
Lithuania,LTU,2022.0,inflation_cpi_pct,FP.CPI.TOTL.ZG,19.7050461518394,
Lithuania,LTU,2023.0,inflation_cpi_pct,FP.CPI.TOTL.ZG,9.11731962390475,
Lithuania,LTU,2024.0,inflation_cpi_pct,FP.CPI.TOTL.ZG,0.715735835228723,
Lithuania,LTU,2020.0,unemployment_pct,SL.UEM.TOTL.ZS,8.487,
Lithuania,LTU,2021.0,unemployment_pct,SL.UEM.TOTL.ZS,7.112,
Lithuania,LTU,2022.0,unemployment_pct,SL.UEM.TOTL.ZS,5.955,
Lithuania,LTU,2023.0,unemployment_pct,SL.UEM.TOTL.ZS,6.841,
Lithuania,LTU,2024.0,unemployment_pct,SL.UEM.TOTL.ZS,7.504,
Luxembourg,LUX,2020.0,current_account_pct_gdp,BN.CAB.XOKA.GD.ZS,4.87511550397285,
Luxembourg,LUX,2021.0,current_account_pct_gdp,BN.CAB.XOKA.GD.ZS,4.99186571107894,
Luxembourg,LUX,2022.0,current_account_pct_gdp,BN.CAB.XOKA.GD.ZS,5.46205930596559,
Luxembourg,LUX,2023.0,current_account_pct_gdp,BN.CAB.XOKA.GD.ZS,6.8519368442551,
Luxembourg,LUX,2024.0,current_account_pct_gdp,BN.CAB.XOKA.GD.ZS,4.39539454622425,
Luxembourg,LUX,2020.0,gdp_growth_pct,NY.GDP.MKTP.KD.ZG,-0.510051634039826,
Luxembourg,LUX,2021.0,gdp_growth_pct,NY.GDP.MKTP.KD.ZG,6.9297342584233,
Luxembourg,LUX,2022.0,gdp_growth_pct,NY.GDP.MKTP.KD.ZG,-1.0974168968152,
Luxembourg,LUX,2023.0,gdp_growth_pct,NY.GDP.MKTP.KD.ZG,0.0994399943552651,
Luxembourg,LUX,2024.0,gdp_growth_pct,NY.GDP.MKTP.KD.ZG,0.35861253942069,
Luxembourg,LUX,2020.0,gdp_per_capita_usd,NY.GDP.PCAP.CD,116860.02817236,
Luxembourg,LUX,2021.0,gdp_per_capita_usd,NY.GDP.PCAP.CD,134965.815442152,
Luxembourg,LUX,2022.0,gdp_per_capita_usd,NY.GDP.PCAP.CD,123719.658915996,
Luxembourg,LUX,2023.0,gdp_per_capita_usd,NY.GDP.PCAP.CD,133230.619178899,
Luxembourg,LUX,2024.0,gdp_per_capita_usd,NY.GDP.PCAP.CD,137781.681659123,
Luxembourg,LUX,2020.0,gov_debt_pct_gdp,GC.DOD.TOTL.GD.ZS,,
Luxembourg,LUX,2021.0,gov_debt_pct_gdp,GC.DOD.TOTL.GD.ZS,,
Luxembourg,LUX,2022.0,gov_debt_pct_gdp,GC.DOD.TOTL.GD.ZS,,
Luxembourg,LUX,2023.0,gov_debt_pct_gdp,GC.DOD.TOTL.GD.ZS,,
Luxembourg,LUX,2024.0,gov_debt_pct_gdp,GC.DOD.TOTL.GD.ZS,,
Luxembourg,LUX,2020.0,inflation_cpi_pct,FP.CPI.TOTL.ZG,0.819957302127036,
Luxembourg,LUX,2021.0,inflation_cpi_pct,FP.CPI.TOTL.ZG,2.52692009066166,
Luxembourg,LUX,2022.0,inflation_cpi_pct,FP.CPI.TOTL.ZG,6.33600807777919,
Luxembourg,LUX,2023.0,inflation_cpi_pct,FP.CPI.TOTL.ZG,3.74140361983136,
Luxembourg,LUX,2024.0,inflation_cpi_pct,FP.CPI.TOTL.ZG,2.05113269954859,
Luxembourg,LUX,2020.0,unemployment_pct,SL.UEM.TOTL.ZS,6.766,
Luxembourg,LUX,2021.0,unemployment_pct,SL.UEM.TOTL.ZS,5.571,
Luxembourg,LUX,2022.0,unemployment_pct,SL.UEM.TOTL.ZS,4.588,
Luxembourg,LUX,2023.0,unemployment_pct,SL.UEM.TOTL.ZS,5.184,
Luxembourg,LUX,2024.0,unemployment_pct,SL.UEM.TOTL.ZS,5.935,
Mexico,MEX,2020.0,current_account_pct_gdp,BN.CAB.XOKA.GD.ZS,2.39690767800282,
Mexico,MEX,2021.0,current_account_pct_gdp,BN.CAB.XOKA.GD.ZS,-0.346548814054211,
Mexico,MEX,2022.0,current_account_pct_gdp,BN.CAB.XOKA.GD.ZS,-1.28978094141973,
Mexico,MEX,2023.0,current_account_pct_gdp,BN.CAB.XOKA.GD.ZS,-0.700390860917119,
Mexico,MEX,2024.0,current_account_pct_gdp,BN.CAB.XOKA.GD.ZS,-0.901772757867301,
Mexico,MEX,2020.0,gdp_growth_pct,NY.GDP.MKTP.KD.ZG,-8.35403458167995,
Mexico,MEX,2021.0,gdp_growth_pct,NY.GDP.MKTP.KD.ZG,6.0484834621255,
Mexico,MEX,2022.0,gdp_growth_pct,NY.GDP.MKTP.KD.ZG,3.70975709163623,
Mexico,MEX,2023.0,gdp_growth_pct,NY.GDP.MKTP.KD.ZG,3.35354140652768,
Mexico,MEX,2024.0,gdp_growth_pct,NY.GDP.MKTP.KD.ZG,1.42742769080466,
Mexico,MEX,2020.0,gdp_per_capita_usd,NY.GDP.PCAP.CD,8841.27075039868,
Mexico,MEX,2021.0,gdp_per_capita_usd,NY.GDP.PCAP.CD,10314.0506722115,
Mexico,MEX,2022.0,gdp_per_capita_usd,NY.GDP.PCAP.CD,11405.7940473759,
Mexico,MEX,2023.0,gdp_per_capita_usd,NY.GDP.PCAP.CD,13860.9597809326,
Mexico,MEX,2024.0,gdp_per_capita_usd,NY.GDP.PCAP.CD,14185.7812248529,
Mexico,MEX,2020.0,gov_debt_pct_gdp,GC.DOD.TOTL.GD.ZS,45.8373464334068,
Mexico,MEX,2021.0,gov_debt_pct_gdp,GC.DOD.TOTL.GD.ZS,44.8609557938384,
Mexico,MEX,2022.0,gov_debt_pct_gdp,GC.DOD.TOTL.GD.ZS,43.9694401399305,
Mexico,MEX,2023.0,gov_debt_pct_gdp,GC.DOD.TOTL.GD.ZS,45.0297603114434,
Mexico,MEX,2024.0,gov_debt_pct_gdp,GC.DOD.TOTL.GD.ZS,,
Mexico,MEX,2020.0,inflation_cpi_pct,FP.CPI.TOTL.ZG,3.39683415570006,
Mexico,MEX,2021.0,inflation_cpi_pct,FP.CPI.TOTL.ZG,5.68920847683753,
Mexico,MEX,2022.0,inflation_cpi_pct,FP.CPI.TOTL.ZG,7.8962761916855,
Mexico,MEX,2023.0,inflation_cpi_pct,FP.CPI.TOTL.ZG,5.52796087314389,
Mexico,MEX,2024.0,inflation_cpi_pct,FP.CPI.TOTL.ZG,4.72225588452932,
Mexico,MEX,2020.0,unemployment_pct,SL.UEM.TOTL.ZS,4.44,
Mexico,MEX,2021.0,unemployment_pct,SL.UEM.TOTL.ZS,4.019,
Mexico,MEX,2022.0,unemployment_pct,SL.UEM.TOTL.ZS,3.256,
Mexico,MEX,2023.0,unemployment_pct,SL.UEM.TOTL.ZS,2.765,
Mexico,MEX,2024.0,unemployment_pct,SL.UEM.TOTL.ZS,2.711,
Netherlands,NLD,2020.0,current_account_pct_gdp,BN.CAB.XOKA.GD.ZS,5.72296366531146,
Netherlands,NLD,2021.0,current_account_pct_gdp,BN.CAB.XOKA.GD.ZS,10.2781370842496,
Netherlands,NLD,2022.0,current_account_pct_gdp,BN.CAB.XOKA.GD.ZS,6.82147679536226,
Netherlands,NLD,2023.0,current_account_pct_gdp,BN.CAB.XOKA.GD.ZS,9.41409249872004,
Netherlands,NLD,2024.0,current_account_pct_gdp,BN.CAB.XOKA.GD.ZS,9.12996820020418,
Netherlands,NLD,2020.0,gdp_growth_pct,NY.GDP.MKTP.KD.ZG,-3.86795333823223,
Netherlands,NLD,2021.0,gdp_growth_pct,NY.GDP.MKTP.KD.ZG,6.2768306708326,
Netherlands,NLD,2022.0,gdp_growth_pct,NY.GDP.MKTP.KD.ZG,5.00723455159611,
Netherlands,NLD,2023.0,gdp_growth_pct,NY.GDP.MKTP.KD.ZG,-0.598096167209832,
Netherlands,NLD,2024.0,gdp_growth_pct,NY.GDP.MKTP.KD.ZG,1.08100584845663,
Netherlands,NLD,2020.0,gdp_per_capita_usd,NY.GDP.PCAP.CD,53467.9277413737,
Netherlands,NLD,2021.0,gdp_per_capita_usd,NY.GDP.PCAP.CD,60141.9880911492,
Netherlands,NLD,2022.0,gdp_per_capita_usd,NY.GDP.PCAP.CD,59123.318556487,
Netherlands,NLD,2023.0,gdp_per_capita_usd,NY.GDP.PCAP.CD,63515.6030780019,
Netherlands,NLD,2024.0,gdp_per_capita_usd,NY.GDP.PCAP.CD,67520.4218956281,
Netherlands,NLD,2020.0,gov_debt_pct_gdp,GC.DOD.TOTL.GD.ZS,,
Netherlands,NLD,2021.0,gov_debt_pct_gdp,GC.DOD.TOTL.GD.ZS,,
Netherlands,NLD,2022.0,gov_debt_pct_gdp,GC.DOD.TOTL.GD.ZS,,
Netherlands,NLD,2023.0,gov_debt_pct_gdp,GC.DOD.TOTL.GD.ZS,,
Netherlands,NLD,2024.0,gov_debt_pct_gdp,GC.DOD.TOTL.GD.ZS,,
Netherlands,NLD,2020.0,inflation_cpi_pct,FP.CPI.TOTL.ZG,1.27246037789161,
Netherlands,NLD,2021.0,inflation_cpi_pct,FP.CPI.TOTL.ZG,2.67572008805385,
Netherlands,NLD,2022.0,inflation_cpi_pct,FP.CPI.TOTL.ZG,10.0012078753473,
Netherlands,NLD,2023.0,inflation_cpi_pct,FP.CPI.TOTL.ZG,3.83839354342808,
Netherlands,NLD,2024.0,inflation_cpi_pct,FP.CPI.TOTL.ZG,3.34754304219953,
Netherlands,NLD,2020.0,unemployment_pct,SL.UEM.TOTL.ZS,3.82,
Netherlands,NLD,2021.0,unemployment_pct,SL.UEM.TOTL.ZS,4.209,
Netherlands,NLD,2022.0,unemployment_pct,SL.UEM.TOTL.ZS,3.526,
Netherlands,NLD,2023.0,unemployment_pct,SL.UEM.TOTL.ZS,3.537,
Netherlands,NLD,2024.0,unemployment_pct,SL.UEM.TOTL.ZS,3.599,
New Zealand,NZL,2020.0,current_account_pct_gdp,BN.CAB.XOKA.GD.ZS,-1.08410494847097,
New Zealand,NZL,2021.0,current_account_pct_gdp,BN.CAB.XOKA.GD.ZS,-5.64359586354334,
New Zealand,NZL,2022.0,current_account_pct_gdp,BN.CAB.XOKA.GD.ZS,-8.75909130046903,
New Zealand,NZL,2023.0,current_account_pct_gdp,BN.CAB.XOKA.GD.ZS,-6.17823205561682,
New Zealand,NZL,2024.0,current_account_pct_gdp,BN.CAB.XOKA.GD.ZS,-4.65310184058939,
New Zealand,NZL,2020.0,gdp_growth_pct,NY.GDP.MKTP.KD.ZG,-0.307246896026541,
New Zealand,NZL,2021.0,gdp_growth_pct,NY.GDP.MKTP.KD.ZG,4.53540565716095,
New Zealand,NZL,2022.0,gdp_growth_pct,NY.GDP.MKTP.KD.ZG,3.49638686458842,
New Zealand,NZL,2023.0,gdp_growth_pct,NY.GDP.MKTP.KD.ZG,1.39425181563566,
New Zealand,NZL,2024.0,gdp_growth_pct,NY.GDP.MKTP.KD.ZG,1.28862004711685,
New Zealand,NZL,2020.0,gdp_per_capita_usd,NY.GDP.PCAP.CD,41997.7830324279,
New Zealand,NZL,2021.0,gdp_per_capita_usd,NY.GDP.PCAP.CD,49950.4251691316,
New Zealand,NZL,2022.0,gdp_per_capita_usd,NY.GDP.PCAP.CD,49099.7090423358,
New Zealand,NZL,2023.0,gdp_per_capita_usd,NY.GDP.PCAP.CD,49075.9562832927,
New Zealand,NZL,2024.0,gdp_per_capita_usd,NY.GDP.PCAP.CD,49205.1792146792,
New Zealand,NZL,2020.0,gov_debt_pct_gdp,GC.DOD.TOTL.GD.ZS,46.0466265250956,
New Zealand,NZL,2021.0,gov_debt_pct_gdp,GC.DOD.TOTL.GD.ZS,51.3022296239772,
New Zealand,NZL,2022.0,gov_debt_pct_gdp,GC.DOD.TOTL.GD.ZS,53.9594714921364,
New Zealand,NZL,2023.0,gov_debt_pct_gdp,GC.DOD.TOTL.GD.ZS,54.0530599083664,
New Zealand,NZL,2024.0,gov_debt_pct_gdp,GC.DOD.TOTL.GD.ZS,,
New Zealand,NZL,2020.0,inflation_cpi_pct,FP.CPI.TOTL.ZG,1.71456170007245,
New Zealand,NZL,2021.0,inflation_cpi_pct,FP.CPI.TOTL.ZG,3.94112060778728,
New Zealand,NZL,2022.0,inflation_cpi_pct,FP.CPI.TOTL.ZG,7.17222476016441,
New Zealand,NZL,2023.0,inflation_cpi_pct,FP.CPI.TOTL.ZG,5.73316283034957,
New Zealand,NZL,2024.0,inflation_cpi_pct,FP.CPI.TOTL.ZG,2.92279782301957,
New Zealand,NZL,2020.0,unemployment_pct,SL.UEM.TOTL.ZS,4.595,
New Zealand,NZL,2021.0,unemployment_pct,SL.UEM.TOTL.ZS,3.776,
New Zealand,NZL,2022.0,unemployment_pct,SL.UEM.TOTL.ZS,3.297,
New Zealand,NZL,2023.0,unemployment_pct,SL.UEM.TOTL.ZS,3.729,
New Zealand,NZL,2024.0,unemployment_pct,SL.UEM.TOTL.ZS,4.869,
Norway,NOR,2020.0,current_account_pct_gdp,BN.CAB.XOKA.GD.ZS,1.14557292891118,
Norway,NOR,2021.0,current_account_pct_gdp,BN.CAB.XOKA.GD.ZS,14.8001387979332,
Norway,NOR,2022.0,current_account_pct_gdp,BN.CAB.XOKA.GD.ZS,28.6290001838396,
Norway,NOR,2023.0,current_account_pct_gdp,BN.CAB.XOKA.GD.ZS,17.4146048356105,
Norway,NOR,2024.0,current_account_pct_gdp,BN.CAB.XOKA.GD.ZS,14.8151795815579,
Norway,NOR,2020.0,gdp_growth_pct,NY.GDP.MKTP.KD.ZG,-1.27817177234034,
Norway,NOR,2021.0,gdp_growth_pct,NY.GDP.MKTP.KD.ZG,3.90868676830634,
Norway,NOR,2022.0,gdp_growth_pct,NY.GDP.MKTP.KD.ZG,3.24622860260932,
Norway,NOR,2023.0,gdp_growth_pct,NY.GDP.MKTP.KD.ZG,0.0721204806030329,
Norway,NOR,2024.0,gdp_growth_pct,NY.GDP.MKTP.KD.ZG,2.09723059960317,
Norway,NOR,2020.0,gdp_per_capita_usd,NY.GDP.PCAP.CD,68340.0181033702,
Norway,NOR,2021.0,gdp_per_capita_usd,NY.GDP.PCAP.CD,93072.8925119571,
Norway,NOR,2022.0,gdp_per_capita_usd,NY.GDP.PCAP.CD,109269.520580298,
Norway,NOR,2023.0,gdp_per_capita_usd,NY.GDP.PCAP.CD,87497.2179649556,
Norway,NOR,2024.0,gdp_per_capita_usd,NY.GDP.PCAP.CD,86785.4334489176,
Norway,NOR,2020.0,gov_debt_pct_gdp,GC.DOD.TOTL.GD.ZS,,
Norway,NOR,2021.0,gov_debt_pct_gdp,GC.DOD.TOTL.GD.ZS,,
Norway,NOR,2022.0,gov_debt_pct_gdp,GC.DOD.TOTL.GD.ZS,,
Norway,NOR,2023.0,gov_debt_pct_gdp,GC.DOD.TOTL.GD.ZS,,
Norway,NOR,2024.0,gov_debt_pct_gdp,GC.DOD.TOTL.GD.ZS,,
Norway,NOR,2020.0,inflation_cpi_pct,FP.CPI.TOTL.ZG,1.28658490708005,
Norway,NOR,2021.0,inflation_cpi_pct,FP.CPI.TOTL.ZG,3.48388055266678,
Norway,NOR,2022.0,inflation_cpi_pct,FP.CPI.TOTL.ZG,5.76412317852272,
Norway,NOR,2023.0,inflation_cpi_pct,FP.CPI.TOTL.ZG,5.51784987104659,
Norway,NOR,2024.0,inflation_cpi_pct,FP.CPI.TOTL.ZG,3.14530134431073,
Norway,NOR,2020.0,unemployment_pct,SL.UEM.TOTL.ZS,4.424,
Norway,NOR,2021.0,unemployment_pct,SL.UEM.TOTL.ZS,4.359,
Norway,NOR,2022.0,unemployment_pct,SL.UEM.TOTL.ZS,3.231,
Norway,NOR,2023.0,unemployment_pct,SL.UEM.TOTL.ZS,3.572,
Norway,NOR,2024.0,unemployment_pct,SL.UEM.TOTL.ZS,3.97,
Poland,POL,2020.0,current_account_pct_gdp,BN.CAB.XOKA.GD.ZS,2.39835922164097,
Poland,POL,2021.0,current_account_pct_gdp,BN.CAB.XOKA.GD.ZS,-1.30156521580162,
Poland,POL,2022.0,current_account_pct_gdp,BN.CAB.XOKA.GD.ZS,-2.27455866454271,
Poland,POL,2023.0,current_account_pct_gdp,BN.CAB.XOKA.GD.ZS,1.53683077845046,
Poland,POL,2024.0,current_account_pct_gdp,BN.CAB.XOKA.GD.ZS,0.30454349270969,
Poland,POL,2020.0,gdp_growth_pct,NY.GDP.MKTP.KD.ZG,-2.03556882399977,
Poland,POL,2021.0,gdp_growth_pct,NY.GDP.MKTP.KD.ZG,6.92718266052501,
Poland,POL,2022.0,gdp_growth_pct,NY.GDP.MKTP.KD.ZG,5.25545697386036,
Poland,POL,2023.0,gdp_growth_pct,NY.GDP.MKTP.KD.ZG,0.249610834017872,
Poland,POL,2024.0,gdp_growth_pct,NY.GDP.MKTP.KD.ZG,3.02841630700273,
Poland,POL,2020.0,gdp_per_capita_usd,NY.GDP.PCAP.CD,16150.9304813473,
Poland,POL,2021.0,gdp_per_capita_usd,NY.GDP.PCAP.CD,18635.5104895754,
Poland,POL,2022.0,gdp_per_capita_usd,NY.GDP.PCAP.CD,18891.2121169279,
Poland,POL,2023.0,gdp_per_capita_usd,NY.GDP.PCAP.CD,22145.2660647429,
Poland,POL,2024.0,gdp_per_capita_usd,NY.GDP.PCAP.CD,25103.565661423,
Poland,POL,2020.0,gov_debt_pct_gdp,GC.DOD.TOTL.GD.ZS,,
Poland,POL,2021.0,gov_debt_pct_gdp,GC.DOD.TOTL.GD.ZS,,
Poland,POL,2022.0,gov_debt_pct_gdp,GC.DOD.TOTL.GD.ZS,,
Poland,POL,2023.0,gov_debt_pct_gdp,GC.DOD.TOTL.GD.ZS,,
Poland,POL,2024.0,gov_debt_pct_gdp,GC.DOD.TOTL.GD.ZS,,
Poland,POL,2020.0,inflation_cpi_pct,FP.CPI.TOTL.ZG,3.37446972618589,
Poland,POL,2021.0,inflation_cpi_pct,FP.CPI.TOTL.ZG,5.05502704719272,
Poland,POL,2022.0,inflation_cpi_pct,FP.CPI.TOTL.ZG,14.4294507575758,
Poland,POL,2023.0,inflation_cpi_pct,FP.CPI.TOTL.ZG,11.5289127961105,
Poland,POL,2024.0,inflation_cpi_pct,FP.CPI.TOTL.ZG,3.7842600751287,
Poland,POL,2020.0,unemployment_pct,SL.UEM.TOTL.ZS,3.155,
Poland,POL,2021.0,unemployment_pct,SL.UEM.TOTL.ZS,3.268,
Poland,POL,2022.0,unemployment_pct,SL.UEM.TOTL.ZS,2.811,
Poland,POL,2023.0,unemployment_pct,SL.UEM.TOTL.ZS,2.743,
Poland,POL,2024.0,unemployment_pct,SL.UEM.TOTL.ZS,2.472,
Portugal,PRT,2020.0,current_account_pct_gdp,BN.CAB.XOKA.GD.ZS,-0.629832722737581,
Portugal,PRT,2021.0,current_account_pct_gdp,BN.CAB.XOKA.GD.ZS,-0.672210743652409,
Portugal,PRT,2022.0,current_account_pct_gdp,BN.CAB.XOKA.GD.ZS,-2.08477766426277,
Portugal,PRT,2023.0,current_account_pct_gdp,BN.CAB.XOKA.GD.ZS,0.553524092563558,
Portugal,PRT,2024.0,current_account_pct_gdp,BN.CAB.XOKA.GD.ZS,2.07776282936737,
Portugal,PRT,,gdp_growth_pct,NY.GDP.MKTP.KD.ZG,,"HTTPSConnectionPool(host='api.worldbank.org', port=443): Read timed out. (read timeout=20)"
Portugal,PRT,2020.0,gdp_per_capita_usd,NY.GDP.PCAP.CD,22299.4044062173,
Portugal,PRT,2021.0,gdp_per_capita_usd,NY.GDP.PCAP.CD,24711.4510062111,
Portugal,PRT,2022.0,gdp_per_capita_usd,NY.GDP.PCAP.CD,24620.5197587181,
Portugal,PRT,2023.0,gdp_per_capita_usd,NY.GDP.PCAP.CD,27634.6183139773,
Portugal,PRT,2024.0,gdp_per_capita_usd,NY.GDP.PCAP.CD,29292.242104753,
Portugal,PRT,2020.0,gov_debt_pct_gdp,GC.DOD.TOTL.GD.ZS,,
Portugal,PRT,2021.0,gov_debt_pct_gdp,GC.DOD.TOTL.GD.ZS,,
Portugal,PRT,2022.0,gov_debt_pct_gdp,GC.DOD.TOTL.GD.ZS,,
Portugal,PRT,2023.0,gov_debt_pct_gdp,GC.DOD.TOTL.GD.ZS,,
Portugal,PRT,2024.0,gov_debt_pct_gdp,GC.DOD.TOTL.GD.ZS,,
Portugal,PRT,2020.0,inflation_cpi_pct,FP.CPI.TOTL.ZG,-0.0124383299575305,
Portugal,PRT,2021.0,inflation_cpi_pct,FP.CPI.TOTL.ZG,1.26565719069044,
Portugal,PRT,2022.0,inflation_cpi_pct,FP.CPI.TOTL.ZG,7.83269124233323,
Portugal,PRT,2023.0,inflation_cpi_pct,FP.CPI.TOTL.ZG,4.31128191898672,
Portugal,PRT,2024.0,inflation_cpi_pct,FP.CPI.TOTL.ZG,2.41613187791884,
Portugal,PRT,,unemployment_pct,SL.UEM.TOTL.ZS,,"HTTPSConnectionPool(host='api.worldbank.org', port=443): Read timed out. (read timeout=20)"
Slovak Republic,SVK,2020.0,current_account_pct_gdp,BN.CAB.XOKA.GD.ZS,-0.437071238574067,
Slovak Republic,SVK,2021.0,current_account_pct_gdp,BN.CAB.XOKA.GD.ZS,-4.79283646505897,
Slovak Republic,SVK,2022.0,current_account_pct_gdp,BN.CAB.XOKA.GD.ZS,-9.60893340616344,
Slovak Republic,SVK,2023.0,current_account_pct_gdp,BN.CAB.XOKA.GD.ZS,-3.01849841620298,
Slovak Republic,SVK,2024.0,current_account_pct_gdp,BN.CAB.XOKA.GD.ZS,-4.61427189349135,
Slovak Republic,SVK,2020.0,gdp_growth_pct,NY.GDP.MKTP.KD.ZG,-2.58551241733207,
Slovak Republic,SVK,2021.0,gdp_growth_pct,NY.GDP.MKTP.KD.ZG,5.6558588065555,
Slovak Republic,SVK,2022.0,gdp_growth_pct,NY.GDP.MKTP.KD.ZG,0.544591632137454,
Slovak Republic,SVK,2023.0,gdp_growth_pct,NY.GDP.MKTP.KD.ZG,2.11263633214959,
Slovak Republic,SVK,2024.0,gdp_growth_pct,NY.GDP.MKTP.KD.ZG,1.93867445549446,
Slovak Republic,SVK,2020.0,gdp_per_capita_usd,NY.GDP.PCAP.CD,19735.4858280801,
Slovak Republic,SVK,2021.0,gdp_per_capita_usd,NY.GDP.PCAP.CD,22123.3342114545,
Slovak Republic,SVK,2022.0,gdp_per_capita_usd,NY.GDP.PCAP.CD,21317.7943982363,
Slovak Republic,SVK,2023.0,gdp_per_capita_usd,NY.GDP.PCAP.CD,24614.8734642794,
Slovak Republic,SVK,2024.0,gdp_per_capita_usd,NY.GDP.PCAP.CD,25992.6748502048,
Slovak Republic,SVK,2020.0,gov_debt_pct_gdp,GC.DOD.TOTL.GD.ZS,,
Slovak Republic,SVK,2021.0,gov_debt_pct_gdp,GC.DOD.TOTL.GD.ZS,,
Slovak Republic,SVK,2022.0,gov_debt_pct_gdp,GC.DOD.TOTL.GD.ZS,,
Slovak Republic,SVK,2023.0,gov_debt_pct_gdp,GC.DOD.TOTL.GD.ZS,,
Slovak Republic,SVK,2024.0,gov_debt_pct_gdp,GC.DOD.TOTL.GD.ZS,,
Slovak Republic,SVK,2020.0,inflation_cpi_pct,FP.CPI.TOTL.ZG,1.93694126694223,
Slovak Republic,SVK,2021.0,inflation_cpi_pct,FP.CPI.TOTL.ZG,3.14960629921268,
Slovak Republic,SVK,2022.0,inflation_cpi_pct,FP.CPI.TOTL.ZG,12.7741463637611,
Slovak Republic,SVK,2023.0,inflation_cpi_pct,FP.CPI.TOTL.ZG,10.5319476645211,
Slovak Republic,SVK,2024.0,inflation_cpi_pct,FP.CPI.TOTL.ZG,2.75760909424272,
Slovak Republic,SVK,2020.0,unemployment_pct,SL.UEM.TOTL.ZS,6.719,
Slovak Republic,SVK,2021.0,unemployment_pct,SL.UEM.TOTL.ZS,6.894,
Slovak Republic,SVK,2022.0,unemployment_pct,SL.UEM.TOTL.ZS,6.143,
Slovak Republic,SVK,2023.0,unemployment_pct,SL.UEM.TOTL.ZS,5.84,
Slovak Republic,SVK,2024.0,unemployment_pct,SL.UEM.TOTL.ZS,5.234,
Slovenia,SVN,2020.0,current_account_pct_gdp,BN.CAB.XOKA.GD.ZS,7.67395367082141,
Slovenia,SVN,2021.0,current_account_pct_gdp,BN.CAB.XOKA.GD.ZS,3.36779729636638,
Slovenia,SVN,2022.0,current_account_pct_gdp,BN.CAB.XOKA.GD.ZS,-1.03068913156479,
Slovenia,SVN,2023.0,current_account_pct_gdp,BN.CAB.XOKA.GD.ZS,4.46558757096218,
Slovenia,SVN,2024.0,current_account_pct_gdp,BN.CAB.XOKA.GD.ZS,4.55086826535468,
Slovenia,SVN,2020.0,gdp_growth_pct,NY.GDP.MKTP.KD.ZG,-4.08500094942896,
Slovenia,SVN,2021.0,gdp_growth_pct,NY.GDP.MKTP.KD.ZG,8.41686457725321,
Slovenia,SVN,2022.0,gdp_growth_pct,NY.GDP.MKTP.KD.ZG,2.66850555542486,
Slovenia,SVN,2023.0,gdp_growth_pct,NY.GDP.MKTP.KD.ZG,2.3758326648385,
Slovenia,SVN,2024.0,gdp_growth_pct,NY.GDP.MKTP.KD.ZG,1.73139722479493,
Slovenia,SVN,2020.0,gdp_per_capita_usd,NY.GDP.PCAP.CD,25392.0651093612,
Slovenia,SVN,2021.0,gdp_per_capita_usd,NY.GDP.PCAP.CD,29192.8401933019,
Slovenia,SVN,2022.0,gdp_per_capita_usd,NY.GDP.PCAP.CD,28360.3041467268,
Slovenia,SVN,2023.0,gdp_per_capita_usd,NY.GDP.PCAP.CD,32660.4753581346,
Slovenia,SVN,2024.0,gdp_per_capita_usd,NY.GDP.PCAP.CD,34301.0318686594,
Slovenia,SVN,2020.0,gov_debt_pct_gdp,GC.DOD.TOTL.GD.ZS,,
Slovenia,SVN,2021.0,gov_debt_pct_gdp,GC.DOD.TOTL.GD.ZS,,
Slovenia,SVN,2022.0,gov_debt_pct_gdp,GC.DOD.TOTL.GD.ZS,,
Slovenia,SVN,2023.0,gov_debt_pct_gdp,GC.DOD.TOTL.GD.ZS,,
Slovenia,SVN,2024.0,gov_debt_pct_gdp,GC.DOD.TOTL.GD.ZS,,
Slovenia,SVN,2020.0,inflation_cpi_pct,FP.CPI.TOTL.ZG,-0.05485681576061,
Slovenia,SVN,2021.0,inflation_cpi_pct,FP.CPI.TOTL.ZG,1.91706506089259,
Slovenia,SVN,2022.0,inflation_cpi_pct,FP.CPI.TOTL.ZG,8.83369886749452,
Slovenia,SVN,2023.0,inflation_cpi_pct,FP.CPI.TOTL.ZG,7.44687717385838,
Slovenia,SVN,2024.0,inflation_cpi_pct,FP.CPI.TOTL.ZG,1.96562656432512,
Slovenia,SVN,2020.0,unemployment_pct,SL.UEM.TOTL.ZS,4.971,
Slovenia,SVN,2021.0,unemployment_pct,SL.UEM.TOTL.ZS,4.744,
Slovenia,SVN,2022.0,unemployment_pct,SL.UEM.TOTL.ZS,4.011,
Slovenia,SVN,2023.0,unemployment_pct,SL.UEM.TOTL.ZS,3.652,
Slovenia,SVN,2024.0,unemployment_pct,SL.UEM.TOTL.ZS,3.357,
Spain,ESP,2020.0,current_account_pct_gdp,BN.CAB.XOKA.GD.ZS,0.819280213926566,
Spain,ESP,2021.0,current_account_pct_gdp,BN.CAB.XOKA.GD.ZS,0.765004613238448,
Spain,ESP,2022.0,current_account_pct_gdp,BN.CAB.XOKA.GD.ZS,0.379418337465124,
Spain,ESP,2023.0,current_account_pct_gdp,BN.CAB.XOKA.GD.ZS,2.73246084042226,
Spain,ESP,2024.0,current_account_pct_gdp,BN.CAB.XOKA.GD.ZS,3.18327391138732,
Spain,ESP,2020.0,gdp_growth_pct,NY.GDP.MKTP.KD.ZG,-10.9400706350371,
Spain,ESP,2021.0,gdp_growth_pct,NY.GDP.MKTP.KD.ZG,6.68314420473001,
Spain,ESP,2022.0,gdp_growth_pct,NY.GDP.MKTP.KD.ZG,6.37031712129601,
Spain,ESP,2023.0,gdp_growth_pct,NY.GDP.MKTP.KD.ZG,2.46085796805582,
Spain,ESP,2024.0,gdp_growth_pct,NY.GDP.MKTP.KD.ZG,3.45525405630191,
Spain,ESP,2020.0,gdp_per_capita_usd,NY.GDP.PCAP.CD,27233.9426461608,
Spain,ESP,2021.0,gdp_per_capita_usd,NY.GDP.PCAP.CD,30799.4775937775,
Spain,ESP,2022.0,gdp_per_capita_usd,NY.GDP.PCAP.CD,30319.4987196616,
Spain,ESP,2023.0,gdp_per_capita_usd,NY.GDP.PCAP.CD,33493.2225409111,
Spain,ESP,2024.0,gdp_per_capita_usd,NY.GDP.PCAP.CD,35326.7683069278,
Spain,ESP,2020.0,gov_debt_pct_gdp,GC.DOD.TOTL.GD.ZS,138.955245507052,
Spain,ESP,2021.0,gov_debt_pct_gdp,GC.DOD.TOTL.GD.ZS,132.546759057657,
Spain,ESP,2022.0,gov_debt_pct_gdp,GC.DOD.TOTL.GD.ZS,109.040623157974,
Spain,ESP,2023.0,gov_debt_pct_gdp,GC.DOD.TOTL.GD.ZS,107.300287362269,
Spain,ESP,2024.0,gov_debt_pct_gdp,GC.DOD.TOTL.GD.ZS,,
Spain,ESP,2020.0,inflation_cpi_pct,FP.CPI.TOTL.ZG,-0.322753017299739,
Spain,ESP,2021.0,inflation_cpi_pct,FP.CPI.TOTL.ZG,3.0931351197642,
Spain,ESP,2022.0,inflation_cpi_pct,FP.CPI.TOTL.ZG,8.39057634118627,
Spain,ESP,2023.0,inflation_cpi_pct,FP.CPI.TOTL.ZG,3.53236133492433,
Spain,ESP,2024.0,inflation_cpi_pct,FP.CPI.TOTL.ZG,2.77417826534772,
Spain,ESP,2020.0,unemployment_pct,SL.UEM.TOTL.ZS,15.532,
Spain,ESP,2021.0,unemployment_pct,SL.UEM.TOTL.ZS,14.781,
Spain,ESP,2022.0,unemployment_pct,SL.UEM.TOTL.ZS,12.917,
Spain,ESP,2023.0,unemployment_pct,SL.UEM.TOTL.ZS,12.179,
Spain,ESP,2024.0,unemployment_pct,SL.UEM.TOTL.ZS,11.394,
Sweden,SWE,2020.0,current_account_pct_gdp,BN.CAB.XOKA.GD.ZS,5.60615176450581,
Sweden,SWE,2021.0,current_account_pct_gdp,BN.CAB.XOKA.GD.ZS,6.21975179261631,
Sweden,SWE,2022.0,current_account_pct_gdp,BN.CAB.XOKA.GD.ZS,4.01173158164649,
Sweden,SWE,2023.0,current_account_pct_gdp,BN.CAB.XOKA.GD.ZS,5.81082632169192,
Sweden,SWE,2024.0,current_account_pct_gdp,BN.CAB.XOKA.GD.ZS,5.92462158549718,
Sweden,SWE,2020.0,gdp_growth_pct,NY.GDP.MKTP.KD.ZG,-1.93379704032216,
Sweden,SWE,2021.0,gdp_growth_pct,NY.GDP.MKTP.KD.ZG,5.2258643028773,
Sweden,SWE,2022.0,gdp_growth_pct,NY.GDP.MKTP.KD.ZG,1.25543620445816,
Sweden,SWE,2023.0,gdp_growth_pct,NY.GDP.MKTP.KD.ZG,-0.204061304891439,
Sweden,SWE,2024.0,gdp_growth_pct,NY.GDP.MKTP.KD.ZG,0.820071806703865,
Sweden,SWE,2020.0,gdp_per_capita_usd,NY.GDP.PCAP.CD,52568.5726980146,
Sweden,SWE,2021.0,gdp_per_capita_usd,NY.GDP.PCAP.CD,60647.5416365347,
Sweden,SWE,2022.0,gdp_per_capita_usd,NY.GDP.PCAP.CD,54836.8907235124,
Sweden,SWE,2023.0,gdp_per_capita_usd,NY.GDP.PCAP.CD,54950.2834725622,
Sweden,SWE,2024.0,gdp_per_capita_usd,NY.GDP.PCAP.CD,57117.4877440616,
Sweden,SWE,2020.0,gov_debt_pct_gdp,GC.DOD.TOTL.GD.ZS,,
Sweden,SWE,2021.0,gov_debt_pct_gdp,GC.DOD.TOTL.GD.ZS,,
Sweden,SWE,2022.0,gov_debt_pct_gdp,GC.DOD.TOTL.GD.ZS,,
Sweden,SWE,2023.0,gov_debt_pct_gdp,GC.DOD.TOTL.GD.ZS,,
Sweden,SWE,2024.0,gov_debt_pct_gdp,GC.DOD.TOTL.GD.ZS,,
Sweden,SWE,2020.0,inflation_cpi_pct,FP.CPI.TOTL.ZG,0.497367318853572,
Sweden,SWE,2021.0,inflation_cpi_pct,FP.CPI.TOTL.ZG,2.16319736447153,
Sweden,SWE,2022.0,inflation_cpi_pct,FP.CPI.TOTL.ZG,8.36929098869189,
Sweden,SWE,2023.0,inflation_cpi_pct,FP.CPI.TOTL.ZG,8.54862489748902,
Sweden,SWE,2024.0,inflation_cpi_pct,FP.CPI.TOTL.ZG,2.83581658224034,
Sweden,SWE,2020.0,unemployment_pct,SL.UEM.TOTL.ZS,8.291,
Sweden,SWE,2021.0,unemployment_pct,SL.UEM.TOTL.ZS,8.722,
Sweden,SWE,2022.0,unemployment_pct,SL.UEM.TOTL.ZS,7.392,
Sweden,SWE,2023.0,unemployment_pct,SL.UEM.TOTL.ZS,7.611,
Sweden,SWE,2024.0,unemployment_pct,SL.UEM.TOTL.ZS,8.528,
Switzerland,CHE,2020.0,current_account_pct_gdp,BN.CAB.XOKA.GD.ZS,0.447364685859183,
Switzerland,CHE,2021.0,current_account_pct_gdp,BN.CAB.XOKA.GD.ZS,7.67153133241718,
Switzerland,CHE,2022.0,current_account_pct_gdp,BN.CAB.XOKA.GD.ZS,9.28321179956918,
Switzerland,CHE,2023.0,current_account_pct_gdp,BN.CAB.XOKA.GD.ZS,5.89976590203143,
Switzerland,CHE,2024.0,current_account_pct_gdp,BN.CAB.XOKA.GD.ZS,7.68909869633693,
Switzerland,CHE,2020.0,gdp_growth_pct,NY.GDP.MKTP.KD.ZG,-2.14173712008038,
Switzerland,CHE,2021.0,gdp_growth_pct,NY.GDP.MKTP.KD.ZG,5.55962020605844,
Switzerland,CHE,2022.0,gdp_growth_pct,NY.GDP.MKTP.KD.ZG,3.04406102969423,
Switzerland,CHE,2023.0,gdp_growth_pct,NY.GDP.MKTP.KD.ZG,0.683328174376044,
Switzerland,CHE,2024.0,gdp_growth_pct,NY.GDP.MKTP.KD.ZG,1.30233332541106,
Switzerland,CHE,2020.0,gdp_per_capita_usd,NY.GDP.PCAP.CD,85897.7843338323,
Switzerland,CHE,2021.0,gdp_per_capita_usd,NY.GDP.PCAP.CD,93664.7736696111,
Switzerland,CHE,2022.0,gdp_per_capita_usd,NY.GDP.PCAP.CD,94394.5106803525,
Switzerland,CHE,2023.0,gdp_per_capita_usd,NY.GDP.PCAP.CD,100623.549627296,
Switzerland,CHE,2024.0,gdp_per_capita_usd,NY.GDP.PCAP.CD,103998.186685604,
Switzerland,CHE,2020.0,gov_debt_pct_gdp,GC.DOD.TOTL.GD.ZS,20.8521076698005,
Switzerland,CHE,2021.0,gov_debt_pct_gdp,GC.DOD.TOTL.GD.ZS,19.9391907467762,
Switzerland,CHE,2022.0,gov_debt_pct_gdp,GC.DOD.TOTL.GD.ZS,17.5861857589033,
Switzerland,CHE,2023.0,gov_debt_pct_gdp,GC.DOD.TOTL.GD.ZS,19.8822985290733,
Switzerland,CHE,2024.0,gov_debt_pct_gdp,GC.DOD.TOTL.GD.ZS,,
Switzerland,CHE,2020.0,inflation_cpi_pct,FP.CPI.TOTL.ZG,-0.725874933313384,
Switzerland,CHE,2021.0,inflation_cpi_pct,FP.CPI.TOTL.ZG,0.581814168489856,
Switzerland,CHE,2022.0,inflation_cpi_pct,FP.CPI.TOTL.ZG,2.83502798644463,
Switzerland,CHE,2023.0,inflation_cpi_pct,FP.CPI.TOTL.ZG,2.13540088016377,
Switzerland,CHE,2024.0,inflation_cpi_pct,FP.CPI.TOTL.ZG,1.06234041976595,
Switzerland,CHE,2020.0,unemployment_pct,SL.UEM.TOTL.ZS,4.817,
Switzerland,CHE,2021.0,unemployment_pct,SL.UEM.TOTL.ZS,5.013,
Switzerland,CHE,2022.0,unemployment_pct,SL.UEM.TOTL.ZS,4.122,
Switzerland,CHE,2023.0,unemployment_pct,SL.UEM.TOTL.ZS,4.043,
Switzerland,CHE,2024.0,unemployment_pct,SL.UEM.TOTL.ZS,4.11,
Trkiye,TUR,2020.0,current_account_pct_gdp,BN.CAB.XOKA.GD.ZS,-4.22230197946184,
Trkiye,TUR,2021.0,current_account_pct_gdp,BN.CAB.XOKA.GD.ZS,-0.74064931592423,
Trkiye,TUR,2022.0,current_account_pct_gdp,BN.CAB.XOKA.GD.ZS,-4.99763806227356,
Trkiye,TUR,2023.0,current_account_pct_gdp,BN.CAB.XOKA.GD.ZS,-3.49417299638226,
Trkiye,TUR,2024.0,current_account_pct_gdp,BN.CAB.XOKA.GD.ZS,-0.749968489565428,
Trkiye,TUR,2020.0,gdp_growth_pct,NY.GDP.MKTP.KD.ZG,1.80306247087255,
Trkiye,TUR,2021.0,gdp_growth_pct,NY.GDP.MKTP.KD.ZG,11.811094450607,
Trkiye,TUR,2022.0,gdp_growth_pct,NY.GDP.MKTP.KD.ZG,5.44122511322401,
Trkiye,TUR,2023.0,gdp_growth_pct,NY.GDP.MKTP.KD.ZG,5.04512369812289,
Trkiye,TUR,2024.0,gdp_growth_pct,NY.GDP.MKTP.KD.ZG,3.3276230893799,
Trkiye,TUR,2020.0,gdp_per_capita_usd,NY.GDP.PCAP.CD,8798.11791709313,
Trkiye,TUR,2021.0,gdp_per_capita_usd,NY.GDP.PCAP.CD,9981.76398411336,
Trkiye,TUR,2022.0,gdp_per_capita_usd,NY.GDP.PCAP.CD,10897.8397861365,
Trkiye,TUR,2023.0,gdp_per_capita_usd,NY.GDP.PCAP.CD,13375.0947282864,
Trkiye,TUR,2024.0,gdp_per_capita_usd,NY.GDP.PCAP.CD,15892.7157287241,
Trkiye,TUR,2020.0,gov_debt_pct_gdp,GC.DOD.TOTL.GD.ZS,41.0396523800978,
Trkiye,TUR,2021.0,gov_debt_pct_gdp,GC.DOD.TOTL.GD.ZS,41.637512472512,
Trkiye,TUR,2022.0,gov_debt_pct_gdp,GC.DOD.TOTL.GD.ZS,35.3300843747051,
Trkiye,TUR,2023.0,gov_debt_pct_gdp,GC.DOD.TOTL.GD.ZS,33.2548360241526,
Trkiye,TUR,2024.0,gov_debt_pct_gdp,GC.DOD.TOTL.GD.ZS,26.6192344843666,
Trkiye,TUR,2020.0,inflation_cpi_pct,FP.CPI.TOTL.ZG,12.2789574462574,
Trkiye,TUR,2021.0,inflation_cpi_pct,FP.CPI.TOTL.ZG,19.5964926913324,
Trkiye,TUR,2022.0,inflation_cpi_pct,FP.CPI.TOTL.ZG,72.3088359891207,
Trkiye,TUR,2023.0,inflation_cpi_pct,FP.CPI.TOTL.ZG,53.8594087593315,
Trkiye,TUR,2024.0,inflation_cpi_pct,FP.CPI.TOTL.ZG,58.5064507300343,
Trkiye,TUR,2020.0,unemployment_pct,SL.UEM.TOTL.ZS,13.148,
Trkiye,TUR,2021.0,unemployment_pct,SL.UEM.TOTL.ZS,11.969,
Trkiye,TUR,2022.0,unemployment_pct,SL.UEM.TOTL.ZS,10.465,
Trkiye,TUR,2023.0,unemployment_pct,SL.UEM.TOTL.ZS,9.388,
Trkiye,TUR,2024.0,unemployment_pct,SL.UEM.TOTL.ZS,8.449,
United Kingdom,GBR,2020.0,current_account_pct_gdp,BN.CAB.XOKA.GD.ZS,-2.92883387550298,
United Kingdom,GBR,2021.0,current_account_pct_gdp,BN.CAB.XOKA.GD.ZS,-0.752836357784011,
United Kingdom,GBR,2022.0,current_account_pct_gdp,BN.CAB.XOKA.GD.ZS,-2.06737101121871,
United Kingdom,GBR,2023.0,current_account_pct_gdp,BN.CAB.XOKA.GD.ZS,-3.57676183842871,
United Kingdom,GBR,2024.0,current_account_pct_gdp,BN.CAB.XOKA.GD.ZS,-2.18793597246208,
United Kingdom,GBR,2020.0,gdp_growth_pct,NY.GDP.MKTP.KD.ZG,-10.047896637362,
United Kingdom,GBR,2021.0,gdp_growth_pct,NY.GDP.MKTP.KD.ZG,8.5431118453255,
United Kingdom,GBR,2022.0,gdp_growth_pct,NY.GDP.MKTP.KD.ZG,5.14970388522993,
United Kingdom,GBR,2023.0,gdp_growth_pct,NY.GDP.MKTP.KD.ZG,0.271650048355255,
United Kingdom,GBR,2024.0,gdp_growth_pct,NY.GDP.MKTP.KD.ZG,1.1264226705118,
United Kingdom,GBR,2020.0,gdp_per_capita_usd,NY.GDP.PCAP.CD,40812.6794663879,
United Kingdom,GBR,2021.0,gdp_per_capita_usd,NY.GDP.PCAP.CD,47691.3768799404,
United Kingdom,GBR,2022.0,gdp_per_capita_usd,NY.GDP.PCAP.CD,47057.043229179,
United Kingdom,GBR,2023.0,gdp_per_capita_usd,NY.GDP.PCAP.CD,49944.4702124201,
United Kingdom,GBR,2024.0,gdp_per_capita_usd,NY.GDP.PCAP.CD,53246.3676145108,
United Kingdom,GBR,2020.0,gov_debt_pct_gdp,GC.DOD.TOTL.GD.ZS,194.682828796265,
United Kingdom,GBR,2021.0,gov_debt_pct_gdp,GC.DOD.TOTL.GD.ZS,183.804848939919,
United Kingdom,GBR,2022.0,gov_debt_pct_gdp,GC.DOD.TOTL.GD.ZS,138.215904304967,
United Kingdom,GBR,2023.0,gov_debt_pct_gdp,GC.DOD.TOTL.GD.ZS,136.142431919028,
United Kingdom,GBR,2024.0,gov_debt_pct_gdp,GC.DOD.TOTL.GD.ZS,131.073062954793,
United Kingdom,GBR,2020.0,inflation_cpi_pct,FP.CPI.TOTL.ZG,0.989486703772491,
United Kingdom,GBR,2021.0,inflation_cpi_pct,FP.CPI.TOTL.ZG,2.51837109614213,
United Kingdom,GBR,2022.0,inflation_cpi_pct,FP.CPI.TOTL.ZG,7.92204883147902,
United Kingdom,GBR,2023.0,inflation_cpi_pct,FP.CPI.TOTL.ZG,6.79396706793963,
United Kingdom,GBR,2024.0,inflation_cpi_pct,FP.CPI.TOTL.ZG,3.2715729463592,
United Kingdom,GBR,2020.0,unemployment_pct,SL.UEM.TOTL.ZS,4.472,
United Kingdom,GBR,2021.0,unemployment_pct,SL.UEM.TOTL.ZS,4.826,
United Kingdom,GBR,2022.0,unemployment_pct,SL.UEM.TOTL.ZS,3.73,
United Kingdom,GBR,2023.0,unemployment_pct,SL.UEM.TOTL.ZS,3.984,
United Kingdom,GBR,2024.0,unemployment_pct,SL.UEM.TOTL.ZS,4.111,
United States,USA,2020.0,current_account_pct_gdp,BN.CAB.XOKA.GD.ZS,-2.81809426941685,
United States,USA,2021.0,current_account_pct_gdp,BN.CAB.XOKA.GD.ZS,-3.68274086718403,
United States,USA,2022.0,current_account_pct_gdp,BN.CAB.XOKA.GD.ZS,-3.87872626619871,
United States,USA,2023.0,current_account_pct_gdp,BN.CAB.XOKA.GD.ZS,-3.40030482379486,
United States,USA,2024.0,current_account_pct_gdp,BN.CAB.XOKA.GD.ZS,-4.12262463415284,
United States,USA,2020.0,gdp_growth_pct,NY.GDP.MKTP.KD.ZG,-2.16302914036166,
United States,USA,2021.0,gdp_growth_pct,NY.GDP.MKTP.KD.ZG,6.05505293244555,
United States,USA,2022.0,gdp_growth_pct,NY.GDP.MKTP.KD.ZG,2.51237531986017,
United States,USA,2023.0,gdp_growth_pct,NY.GDP.MKTP.KD.ZG,2.88755600749487,
United States,USA,2024.0,gdp_growth_pct,NY.GDP.MKTP.KD.ZG,2.79300127716779,
United States,USA,2020.0,gdp_per_capita_usd,NY.GDP.PCAP.CD,63515.9491807833,
United States,USA,2021.0,gdp_per_capita_usd,NY.GDP.PCAP.CD,70205.050916026,
United States,USA,2022.0,gdp_per_capita_usd,NY.GDP.PCAP.CD,76657.2488844403,
United States,USA,2023.0,gdp_per_capita_usd,NY.GDP.PCAP.CD,81032.262117545,
United States,USA,2024.0,gdp_per_capita_usd,NY.GDP.PCAP.CD,84534.0407841548,
United States,USA,2020.0,gov_debt_pct_gdp,GC.DOD.TOTL.GD.ZS,126.432892675138,
United States,USA,2021.0,gov_debt_pct_gdp,GC.DOD.TOTL.GD.ZS,120.426823865111,
United States,USA,2022.0,gov_debt_pct_gdp,GC.DOD.TOTL.GD.ZS,114.751249288826,
United States,USA,2023.0,gov_debt_pct_gdp,GC.DOD.TOTL.GD.ZS,116.975041091042,
United States,USA,2024.0,gov_debt_pct_gdp,GC.DOD.TOTL.GD.ZS,118.110809413059,
United States,USA,2020.0,inflation_cpi_pct,FP.CPI.TOTL.ZG,1.23358439630629,
United States,USA,2021.0,inflation_cpi_pct,FP.CPI.TOTL.ZG,4.69785886363742,
United States,USA,2022.0,inflation_cpi_pct,FP.CPI.TOTL.ZG,8.00279982052121,
United States,USA,2023.0,inflation_cpi_pct,FP.CPI.TOTL.ZG,4.11633838374488,
United States,USA,2024.0,inflation_cpi_pct,FP.CPI.TOTL.ZG,2.94952520485207,
United States,USA,2020.0,unemployment_pct,SL.UEM.TOTL.ZS,8.055,
United States,USA,2021.0,unemployment_pct,SL.UEM.TOTL.ZS,5.349,
United States,USA,2022.0,unemployment_pct,SL.UEM.TOTL.ZS,3.65,
United States,USA,2023.0,unemployment_pct,SL.UEM.TOTL.ZS,3.638,
United States,USA,2024.0,unemployment_pct,SL.UEM.TOTL.ZS,4.106,
